Ano,Mês/Ano,Estado,Bacia,Campo,Poço,Ambiente,Instalação,ProducaoOleoMetrosCubicos,Produção de Condensado (m³),Produção de Gás Associado (Mm³),Produção de Gás Não Associado (Mm³),Produção de Água (m³),Injeção de Gás (Mm³),Injeção de Água para Recuperação Secundária (m³),Injeção de Água para Descarte (m³),Injeção de Gás Carbônico (Mm³),Injeção de Nitrogênio (Mm³),Injeção de Vapor de Água (t),Injeção de Polímeros (m³),Injeção de Outros Fluidos (m³)
2026,01/2026,Rio Grande do Norte,Potiguar,PESCADA,7-PE-1D-RNS,MAR,PLATAFORMA DE PESCADA 1B,0,"107,496","263,179",0,"1,838",,,,,,,,
2026,01/2026,Rio Grande do Norte,Potiguar,PESCADA,3-RNS-88DB-RN,MAR,PLATAFORMA DE PESCADA 1B,0,"69,271","168,755",0,"0,675",,,,,,,,
2026,01/2026,Rio Grande do Norte,Potiguar,PESCADA,3-RNS-84-RN,MAR,PLATAFORMA DE PESCADA 1B,0,"285,966","1875,73",0,"41,442",,,,,,,,
2026,01/2026,Rio de Janeiro,Campos,BARRACUDA,7-BR-40HP-RJS,MAR,Petrobras 43,"11858,034",0,"1025,569",0,"7687,356",,,,,,,,
2026,01/2026,Rio de Janeiro,Campos,BARRACUDA,7-BR-36HPA-RJS,MAR,Petrobras 43,"7025,569",0,"591,127",0,"12764,767",,,,,,,,
2026,01/2026,Rio de Janeiro,Campos,BARRACUDA,7-BR-29HPA-RJS,MAR,Petrobras 43,"4458,188",0,"609,69",0,"8665,277",,,,,,,,
2026,01/2026,Rio de Janeiro,Campos,BARRACUDA,7-BR-31HP-RJS,MAR,Petrobras 43,"2425,272",0,"945,23",0,"17737,454",,,,,,,,
2026,01/2026,Rio de Janeiro,Campos,BARRACUDA,7-BR-44HP-RJS,MAR,Petrobras 43,"7488,796",0,"359,693",0,"6553,123",,,,,,,,
2026,01/2026,Rio de Janeiro,Campos,BARRACUDA,7-BR-83HA-RJS,MAR,Petrobras 43,"28387,58",0,"2328,367",0,"2168,042",,,,,,,,
2026,01/2026,Rio de Janeiro,Campos,BARRACUDA,7-BR-42HP-RJS,MAR,Petrobras 43,"11537,142",0,"1360,473",0,"6567,552",,,,,,,,
2026,01/2026,Rio de Janeiro,Campos,BARRACUDA,6-BR-3-RJS,MAR,Petrobras 43,"3313,63",0,"443,509",0,"12596,918",,,,,,,,
2026,01/2026,Rio de Janeiro,Campos,BARRACUDA,7-BR-62HP-RJS,MAR,Petrobras 43,"5724,294",0,"651,608",0,"13884,152",,,,,,,,
2026,01/2026,Rio de Janeiro,Campos,BARRACUDA,7-BR-51HP-RJS,MAR,Petrobras 43,"10305,668",0,"942,251",0,"26472,497",,,,,,,,
2026,01/2026,Rio de Janeiro,Campos,BARRACUDA,7-BR-60HP-RJS,MAR,Petrobras 43,"6857,563",0,"380,451",0,"489,567",,,,,,,,
2026,01/2026,Rio de Janeiro,Campos,MARLIM,7-MRL-206HB-RJS,MAR,FPSO ANITA GARIBALDI,"7105,797",0,"1180,723",0,"53301,374",,,,,,,,
2026,01/2026,Rio de Janeiro,Campos,MARLIM,9-MRL-201-RJS,MAR,FPSO ANNA NERY,"15112,163",0,"1155,04",0,"8194,347",,,,,,,,
2026,01/2026,Rio de Janeiro,Campos,MARLIM,7-MRL-150HP-RJS,MAR,FPSO ANNA NERY,"997,284",0,"127,955",0,"3739,343",,,,,,,,
2026,01/2026,Rio de Janeiro,Campos,MARLIM,6-BRSA-770D-RJS,MAR,FPSO ANITA GARIBALDI,"13143,81",0,"1878,695",0,"141,856",,,,,,,,
2026,01/2026,Rio de Janeiro,Campos,MARLIM,7-MRL-223HP-RJS,MAR,FPSO ANNA NERY,"20686,243",0,"2652,554",0,"45197,337",,,,,,,,
2026,01/2026,Rio de Janeiro,Campos,MARLIM,7-MRL-228H-RJS,MAR,FPSO ANNA NERY,"11246,561",0,"650,002",0,"16919,132",,,,,,,,
2026,01/2026,Rio de Janeiro,Campos,MARLIM,7-MRL-210HPA-RJS,MAR,FPSO ANNA NERY,"30249,344",0,"3669,893",0,"25096,121",,,,,,,,
2026,01/2026,Rio de Janeiro,Santos,TUPI,3-BRSA-839A-RJS,MAR,FPSO CIDADE DE ITAGUAÍ,"58476,504",0,"18058,563",0,"10460,716",,,,,,,,
2026,01/2026,Rio de Janeiro,Santos,TUPI,7-LL-114D-RJS,MAR,FPSO CIDADE DE MANGARATIBA,"9172,327",0,"3002,683",0,"2934,407",,,,,,,,
2026,01/2026,Rio de Janeiro,Santos,TUPI,7-LL-28D-RJS,MAR,FPSO CIDADE DE PARATY,"59309,288",0,"14423,428",0,"17248,624",,,,,,,,
2026,01/2026,Rio de Janeiro,Santos,TUPI,7-LL-45D-RJS,MAR,FPSO CIDADE DE MANGARATIBA,"16083,589",0,"4682,967",0,"90066,847",,,,,,,,
2026,01/2026,São Paulo,Santos,SAPINHOÁ,7-SPH-8-SPS,MAR,FPSO CIDADE DE ILHABELA,"72844,517",0,"15173,749",0,"30244,071",,,,,,,,
2026,01/2026,São Paulo,Santos,SAPINHOÁ,7-SPH-16D-SPS,MAR,FPSO CIDADE DE ILHABELA,"23172,12",0,"7417,167",0,"40050,093",,,,,,,,
2026,01/2026,São Paulo,Santos,SAPINHOÁ,7-SPH-20D-SPS,MAR,FPSO CIDADE DE ILHABELA,"46365,051",0,"10442,257",0,"43735,457",,,,,,,,
2026,01/2026,São Paulo,Santos,SAPINHOÁ,7-SPH-17-SPS,MAR,FPSO CIDADE DE ILHABELA,"19439,221",0,"9156,286",0,"65630,468",,,,,,,,
2026,01/2026,São Paulo,Santos,SAPINHOÁ,7-SPH-6-SPS,MAR,FPSO CIDADE DE ILHABELA,"23702,796",0,"5186,309",0,"69865,521",,,,,,,,
2026,01/2026,São Paulo,Santos,SAPINHOÁ,7-SPH-5-SPS,MAR,FPSO CIDADE DE SÃO PAULO,"24523,189",0,"11064,629",0,"37697,627",,,,,,,,
2026,01/2026,São Paulo,Santos,SAPINHOÁ,9-BRSA-928-SPS,MAR,FPSO CIDADE DE SÃO PAULO,"16567,053",0,"5346,783",0,"53210,173",,,,,,,,
2026,01/2026,São Paulo,Santos,SAPINHOÁ,7-SPH-1-SPS,MAR,FPSO CIDADE DE SÃO PAULO,"12174,956",0,"4969,314",0,"25858,787",,,,,,,,
2026,01/2026,São Paulo,Santos,SAPINHOÁ,7-SPH-2D-SPS,MAR,FPSO CIDADE DE SÃO PAULO,"59071,795",0,"14477,626",0,"25325,384",,,,,,,,
2026,01/2026,São Paulo,Santos,SAPINHOÁ,7-SPH-7D-SPS,MAR,FPSO CIDADE DE ILHABELA,"23057,629",0,"6044,789",0,"7653,287",,,,,,,,
2026,01/2026,São Paulo,Santos,SAPINHOÁ,7-SPH-4D-SPS,MAR,FPSO CIDADE DE SÃO PAULO,"55847,404",0,"13313,921",0,"15866,82",,,,,,,,
2026,01/2026,Rio de Janeiro,Santos,BERBIGÃO,7-BBG-6D-RJS,MAR,Petrobras 68,"79816,391",0,"5822,981",0,"11,007",,,,,,,,
2026,01/2026,Rio de Janeiro,Santos,BERBIGÃO,7-SRR-3D-RJS,MAR,Petrobras 68,"37555,283",0,"6849,621",0,"3,739",,,,,,,,
2026,01/2026,Rio de Janeiro,Santos,BERBIGÃO,7-BBG-5D-RJS,MAR,Petrobras 68,"56948,403",0,"4545,188",0,"990,757",,,,,,,,
2026,01/2026,Rio de Janeiro,Santos,BERBIGÃO,3-BRSA-1181D-RJS,MAR,Petrobras 68,"26200,885",0,"5367,812",0,"7,479",,,,,,,,
2026,01/2026,Rio de Janeiro,Santos,BERBIGÃO,7-BBG-2D-RJS,MAR,Petrobras 68,"74306,209",0,"5621,341",0,"7,173",,,,,,,,
2026,01/2026,Rio de Janeiro,Campos,TARTARUGA VERDE,9-BRSA-1085-RJS,MAR,FPSO Cidade de Campos dos Goytacazes,"26523,302",0,"1770,726",0,"3965,512",,,,,,,,
2026,01/2026,Rio de Janeiro,Campos,TARTARUGA VERDE,7-TVD-16DP-RJS,MAR,FPSO Cidade de Campos dos Goytacazes,"6709,778",0,"686,382",0,"58109,594",,,,,,,,
2026,01/2026,Rio de Janeiro,Campos,TARTARUGA VERDE,7-TMT-1D-RJS,MAR,FPSO Cidade de Campos dos Goytacazes,"10591,318",0,"585,45",0,"8312,47",,,,,,,,
2026,01/2026,Rio de Janeiro,Campos,TARTARUGA VERDE,7-TVD-12D-RJS,MAR,FPSO Cidade de Campos dos Goytacazes,"34345,437",0,"2902,992",0,"15982,372",,,,,,,,
2026,01/2026,Rio de Janeiro,Campos,TARTARUGA VERDE,7-TVD-15D-RJS,MAR,FPSO Cidade de Campos dos Goytacazes,"4855,448",0,"463,588",0,"34880,748",,,,,,,,
2026,01/2026,Rio de Janeiro,Campos,TARTARUGA VERDE,7-TVD-11D-RJS,MAR,FPSO Cidade de Campos dos Goytacazes,"29994,252",0,"2723,798",0,"4516,164",,,,,,,,
2026,01/2026,Rio de Janeiro,Campos,TARTARUGA VERDE,7-TVD-5D-RJS,MAR,FPSO Cidade de Campos dos Goytacazes,"13421,962",0,"786,97",0,"10585,086",,,,,,,,
2026,01/2026,Rio de Janeiro,Campos,TARTARUGA VERDE,8-TVD-6D-RJS,MAR,FPSO Cidade de Campos dos Goytacazes,"10832,954",0,"512,148",0,"20702,288",,,,,,,,
2026,01/2026,Rio de Janeiro,Campos,TARTARUGA VERDE,7-TVD-10D-RJS,MAR,FPSO Cidade de Campos dos Goytacazes,"12461,554",0,"810,53",0,"25119,47",,,,,,,,
2026,01/2026,Rio de Janeiro,Campos,TARTARUGA VERDE,9-BRSA-1099-RJS,MAR,FPSO Cidade de Campos dos Goytacazes,"4544,36",0,"197,644",0,"61571,373",,,,,,,,
2026,01/2026,Rio de Janeiro,Campos,TARTARUGA VERDE,7-TVD-8D-RJS,MAR,FPSO Cidade de Campos dos Goytacazes,"8556,128",0,"614,004",0,"8044,434",,,,,,,,
2026,01/2026,Rio de Janeiro,Campos,CARATINGA,7-CRT-49-RJS,MAR,Petrobras 48,"2778,99",0,"255,588",0,"1901,809",,,,,,,,
2026,01/2026,Rio de Janeiro,Campos,CARATINGA,7-CRT-17HP-RJS,MAR,Petrobras 48,"524,093",0,"66,088",0,"4369,4",,,,,,,,
2026,01/2026,Rio de Janeiro,Campos,CARATINGA,7-CRT-52-RJS,MAR,Petrobras 48,"13919,863",0,"1744,119",0,"1084,484",,,,,,,,
2026,01/2026,Rio de Janeiro,Campos,MARLIM LESTE,7-MLL-34HPB-RJS,MAR,Petrobras 53,"6435,849",0,"627,845",0,"45676,287",,,,,,,,
2026,01/2026,Rio de Janeiro,Campos,MARLIM LESTE,7-MLL-74DA-RJS,MAR,Petrobras 53,"15739,093",0,"1340,944",0,"1350,042",,,,,,,,
2026,01/2026,Rio de Janeiro,Campos,MARLIM LESTE,7-MLL-94D-RJS,MAR,Petrobras 40,"59716,19",0,"6532,265",0,"103,192",,,,,,,,
2026,01/2026,Rio de Janeiro,Campos,MARLIM LESTE,7-MLL-81HP-RJS,MAR,Petrobras 53,"36919,238",0,"2579,853",0,"23717,292",,,,,,,,
2026,01/2026,Rio de Janeiro,Campos,MARLIM LESTE,7-MLL-86HPA-RJS,MAR,Petrobras 53,"19099,004",0,"2390,267",0,"6997,894",,,,,,,,
2026,01/2026,Rio de Janeiro,Campos,MARLIM LESTE,7-MLL-44HP-RJS,MAR,Petrobras 53,"15429,832",0,"1930,715",0,"17596,367",,,,,,,,
2026,01/2026,Rio de Janeiro,Campos,MARLIM LESTE,7-MLL-73D-RJS,MAR,Petrobras 53,"27138,734",0,"2692,799",0,"3846,696",,,,,,,,
2026,01/2026,Rio de Janeiro,Campos,MARLIM LESTE,7-MLL-82HA-RJS,MAR,Petrobras 53,"16547,985",0,"2037,135",0,"18189,026",,,,,,,,
2026,01/2026,Rio de Janeiro,Campos,MARLIM LESTE,7-MLL-90H-RJS,MAR,Petrobras 53,"18345,495",0,"974,264",0,"19121,442",,,,,,,,
2026,01/2026,Rio de Janeiro,Campos,MARLIM,7-MRL-238HA-RJS,MAR,FPSO ANNA NERY,"30642,98",0,"3803,783",0,"39090,969",,,,,,,,
2026,01/2026,Rio de Janeiro,Campos,MARLIM,7-MRL-239HA-RJS,MAR,FPSO ANITA GARIBALDI,"11191,424",0,"914,917",0,14558,,,,,,,,
2026,01/2026,Rio de Janeiro,Campos,RONCADOR,7-RO-135H-RJS,MAR,Petrobras 54,"7160,529",0,"427,729",0,"47624,503",,,,,,,,
2026,01/2026,Rio de Janeiro,Campos,RONCADOR,7-RO-50HPA-RJS,MAR,Petrobras 54,"7152,492",0,"371,257",0,"24899,231",,,,,,,,
2026,01/2026,Rio de Janeiro,Campos,RONCADOR,7-RO-72HPB-RJS,MAR,Petrobras 54,"6912,445",0,"370,876",0,"18619,548",,,,,,,,
2026,01/2026,Rio de Janeiro,Campos,RONCADOR,7-RO-46HP-RJS,MAR,Petrobras 54,"25077,721",0,"2062,113",0,"36451,543",,,,,,,,
2026,01/2026,Rio de Janeiro,Campos,RONCADOR,7-RO-107HPA-RJS,MAR,Petrobras 55,"15371,303",0,"1317,419",0,"40933,045",,,,,,,,
2026,01/2026,Rio de Janeiro,Campos,RONCADOR,7-RO-60HP-RJS,MAR,Petrobras 54,"13768,312",0,"806,793",0,"7647,841",,,,,,,,
2026,01/2026,Rio de Janeiro,Campos,RONCADOR,7-RO-178H-RJS,MAR,Petrobras 54,"22462,648",0,"1248,425",0,"21196,079",,,,,,,,
2026,01/2026,Rio de Janeiro,Campos,RONCADOR,7-RO-62HP-RJS,MAR,Petrobras 54,"13426,328",0,"893,748",0,"20031,033",,,,,,,,
2026,01/2026,Rio de Janeiro,Campos,RONCADOR,7-RO-74HP-RJS,MAR,Petrobras 54,"14650,801",0,"911,875",0,"22032,801",,,,,,,,
2026,01/2026,Rio de Janeiro,Campos,RONCADOR,7-RO-63HA-RJS,MAR,Petrobras 54,"3644,583",0,"280,955",0,"20040,423",,,,,,,,
2026,01/2026,Rio de Janeiro,Santos,ITAPU,7-ITP-3A-RJS,MAR,PETROBRAS 71,"58819,874",0,"5884,841",0,"3,289",,,,,,,,
2026,01/2026,Rio de Janeiro,Santos,ITAPU,7-ITP-5D-RJS,MAR,PETROBRAS 71,"94265,01",0,"8745,643",0,"1288,268",,,,,,,,
2026,01/2026,Rio de Janeiro,Santos,ITAPU,9-ITP-1-RJS,MAR,PETROBRAS 71,"91145,354",0,"9043,921",0,"13,849",,,,,,,,
2026,01/2026,Rio de Janeiro,Santos,ITAPU,7-ITP-4-RJS,MAR,PETROBRAS 71,"66020,435",0,"6266,13",0,"11,671",,,,,,,,
2026,01/2026,Rio de Janeiro,Santos,TUPI,7-LL-15D-RJS,MAR,FPSO CIDADE DE PARATY,"62205,348",0,"13674,826",0,"51740,623",,,,,,,,
2026,01/2026,Rio de Janeiro,Campos,ALBACORA,7-ABL-20HP-RJS,MAR,FPSO FORTE,"603,715",0,"46,574",0,"5299,169",,,,,,,,
2026,01/2026,Rio de Janeiro,Campos,ALBACORA,7-ABL-50HP-RJS,MAR,FPSO FORTE,"312,692",0,"48,978",0,"666,314",,,,,,,,
2026,01/2026,Rio de Janeiro,Campos,ALBACORA,7-ABL-87HP-RJS,MAR,FPSO FORTE,"691,303",0,"77,802",0,"3898,17",,,,,,,,
2026,01/2026,Rio de Janeiro,Campos,ALBACORA,7-ABL-44HP-RJS,MAR,FPSO FORTE,"798,944",0,"79,556",0,"888,495",,,,,,,,
2026,01/2026,Rio de Janeiro,Campos,ALBACORA,7-ABL-16HP-RJS,MAR,FPSO FORTE,"650,364",0,"38,021",0,"410,431",,,,,,,,
2026,01/2026,Rio de Janeiro,Campos,ALBACORA,7-ABL-81HP-RJS,MAR,FPSO FORTE,"1064,422",0,"296,516",0,"3563,951",,,,,,,,
2026,01/2026,Rio de Janeiro,Campos,ALBACORA,7-ABL-54HP-RJS,MAR,FPSO FORTE,"694,522",0,"142,209",0,"2182,775",,,,,,,,
2026,01/2026,Rio de Janeiro,Campos,ALBACORA,7-ABL-24HP-RJS,MAR,FPSO FORTE,"492,669",0,"71,129",0,"1027,831",,,,,,,,
2026,01/2026,Rio de Janeiro,Campos,ALBACORA,7-ABL-11H-RJS,MAR,FPSO FORTE,"530,098",0,"56,878",0,"358,073",,,,,,,,
2026,01/2026,Rio de Janeiro,Campos,ALBACORA,7-ABL-78HP-RJS,MAR,FPSO FORTE,"695,845",0,"196,963",0,"246,044",,,,,,,,
2026,01/2026,Rio de Janeiro,Campos,ALBACORA,7-ABL-56HP-RJS,MAR,FPSO FORTE,"595,203",0,"59,699",0,"5015,129",,,,,,,,
2026,01/2026,Rio de Janeiro,Campos,ALBACORA,7-AB-134HPA-RJS,MAR,FPSO FORTE,"733,918",0,"67,766",0,"641,207",,,,,,,,
2026,01/2026,Rio de Janeiro,Campos,MARLIM,7-MRL-244H-RJS,MAR,FPSO ANITA GARIBALDI,"10955,072",0,"1165,484",0,"24204,927",,,,,,,,
2026,01/2026,Rio de Janeiro,Campos,MARLIM,7-MRL-237H-RJS,MAR,FPSO ANNA NERY,"12594,411",0,"1599,885",0,"96467,032",,,,,,,,
2026,01/2026,Rio de Janeiro,Campos,MARLIM,7-MRL-243HA-RJS,MAR,FPSO ANNA NERY,"18169,215",0,"1010,736",0,"11172,554",,,,,,,,
2026,01/2026,Rio de Janeiro,Campos,MARLIM,7-MRL-222HPA-RJS,MAR,FPSO ANNA NERY,"25983,198",0,"2856,284",0,"19100,803",,,,,,,,
2026,01/2026,Rio de Janeiro,Campos,MARLIM,7-MRL-235HA-RJS,MAR,FPSO ANNA NERY,"7225,084",0,"706,902",0,"40515,98",,,,,,,,
2026,01/2026,Rio de Janeiro,Campos,MARLIM,7-MRL-236H-RJS,MAR,FPSO ANNA NERY,"8183,534",0,"1208,482",0,"22877,024",,,,,,,,
2026,01/2026,São Paulo,Santos,LAPA,8-LPA-2D-SPS,MAR,FPSO Cidade de Caraguatatuba - CCG (MV-27),"30490,45",0,"6567,673",0,"13067,33",,,,,,,,
2026,01/2026,Espírito Santo,Espírito Santo,GOLFINHO,7-GLF-40HA-ESS,MAR,FPSO CIDADE DE VITÓRIA,"6642,998",0,"418,773",0,"30357,301",,,,,,,,
2026,01/2026,Espírito Santo,Espírito Santo,GOLFINHO,7-GLF-49H-ESS,MAR,FPSO CIDADE DE VITÓRIA,"6777,423",0,"520,342",0,"4820,19",,,,,,,,
2026,01/2026,São Paulo,Santos,LAPA,7-LPA-5D-SPS,MAR,FPSO Cidade de Caraguatatuba - CCG (MV-27),"40317,31",0,"7072,93",0,"18741,98",,,,,,,,
2026,01/2026,Rio de Janeiro,Campos,CARATINGA,7-CRT-21HPA-RJS,MAR,Petrobras 48,"0,131",0,"0,019",0,"0,804",,,,,,,,
2026,01/2026,Rio de Janeiro,Campos,MARLIM LESTE,9-MLL-19D-RJS,MAR,Petrobras 53,"8269,942",0,"881,933",0,"28169,726",,,,,,,,
2026,01/2026,Rio de Janeiro,Campos,MARLIM LESTE,7-MLL-10HP-RJS,MAR,Petrobras 53,"26307,917",0,"2450,356",0,"20729,152",,,,,,,,
2026,01/2026,Rio de Janeiro,Campos,MARLIM,7-MRL-234H-RJS,MAR,FPSO ANNA NERY,"17187,717",0,"2378,085",0,"49064,758",,,,,,,,
2026,01/2026,Rio de Janeiro,Campos,RONCADOR,7-RO-133HP-RJS,MAR,Petrobras 55,"9103,136",0,"413,408",0,"8428,446",,,,,,,,
2026,01/2026,Rio de Janeiro,Campos,RONCADOR,7-RO-153H-RJS,MAR,Petrobras 62,"5993,468",0,"475,211",0,"152,805",,,,,,,,
2026,01/2026,Rio de Janeiro,Campos,RONCADOR,7-RO-173H-RJS,MAR,Petrobras 62,"4409,829",0,"511,416",0,"651,624",,,,,,,,
2026,01/2026,Rio de Janeiro,Campos,RONCADOR,9-RO-82B-RJS,MAR,Petrobras 62,"3098,713",0,"298,155",0,"1648,085",,,,,,,,
2026,01/2026,Rio de Janeiro,Campos,RONCADOR,7-RO-162HP-RJS,MAR,Petrobras 55,"3525,165",0,"325,401",0,"26,511",,,,,,,,
2026,01/2026,Rio de Janeiro,Campos,RONCADOR,7-RO-121HP-RJS,MAR,Petrobras 62,"3749,676",0,"325,872",0,"6168,011",,,,,,,,
2026,01/2026,Rio de Janeiro,Campos,RONCADOR,7-RO-174H-RJS,MAR,Petrobras 62,"7731,737",0,"334,621",0,"11214,535",,,,,,,,
2026,01/2026,Rio de Janeiro,Campos,RONCADOR,7-RO-175H-RJS,MAR,Petrobras 55,"7122,724",0,"158,133",0,"19729,341",,,,,,,,
2026,01/2026,Rio de Janeiro,Campos,RONCADOR,7-RO-129H-RJS,MAR,Petrobras 62,"2658,84",0,"292,711",0,"6539,801",,,,,,,,
2026,01/2026,Rio de Janeiro,Campos,RONCADOR,7-RO-176H-RJS,MAR,Petrobras 55,"15270,028",0,"1464,031",0,"34163,84",,,,,,,,
2026,01/2026,Rio de Janeiro,Campos,RONCADOR,7-RO-167D-RJS,MAR,Petrobras 55,"23338,185",0,"1694,199",0,"8119,015",,,,,,,,
2026,01/2026,Rio de Janeiro,Campos,RONCADOR,7-RO-179D-RJS,MAR,Petrobras 62,"7411,495",0,"516,937",0,"578,273",,,,,,,,
2026,01/2026,Rio de Janeiro,Campos,RONCADOR,7-RO-168D-RJS,MAR,Petrobras 55,"1004,415",0,"63,411",0,"150,072",,,,,,,,
2026,01/2026,Rio de Janeiro,Campos,RONCADOR,7-RO-155D-RJS,MAR,Petrobras 62,"2710,728",0,"245,769",0,"21926,123",,,,,,,,
2026,01/2026,Rio de Janeiro,Campos,POLVO,9-POL-46D-RJS,MAR,Polvo A,"8,65",0,"3,002",0,"1353,14",,,,,,,,
2026,01/2026,Rio de Janeiro,Campos,POLVO,7-POL-36HP-RJS,MAR,Polvo A,"808,568",0,"13,38",0,"6114,716",,,,,,,,
2026,01/2026,Rio de Janeiro,Campos,POLVO,7-POL-14H-RJS,MAR,Polvo A,"1893,787",0,"57,21",0,"20808,298",,,,,,,,
2026,01/2026,Rio de Janeiro,Campos,POLVO,7-POL-12H-RJS,MAR,Polvo A,"960,447",0,"34,522",0,"6794,283",,,,,,,,
2026,01/2026,Rio de Janeiro,Campos,POLVO,7-POL-11HP-RJS,MAR,Polvo A,"1715,741",0,"68,822",0,"27271,439",,,,,,,,
2026,01/2026,Rio de Janeiro,Campos,POLVO,7-POL-4HP-RJS,MAR,Polvo A,"644,983",0,"4,627",0,"12017,758",,,,,,,,
2026,01/2026,Rio de Janeiro,Campos,POLVO,7-POL-2HPB-RJS,MAR,Polvo A,"3955,123",0,"85,005",0,"36287,021",,,,,,,,
2026,01/2026,Rio de Janeiro,Campos,POLVO,7-POL-1H-RJS,MAR,Polvo A,"1208,187",0,"26,777",0,"17215,513",,,,,,,,
2026,01/2026,Rio de Janeiro,Campos,POLVO,7-POL-16H-RJS,MAR,Polvo A,"1461,684",0,"33,619",0,"2630,807",,,,,,,,
2026,01/2026,Rio de Janeiro,Campos,BARRACUDA,7-CRT-51D-RJS,MAR,Petrobras 48,"9329,182",0,"1002,604",0,"611,342",,,,,,,,
2026,01/2026,Rio de Janeiro,Campos,BARRACUDA,9-BR-82DB-RJS,MAR,Petrobras 48,"12685,523",0,"1531,805",0,"4481,239",,,,,,,,
2026,01/2026,Rio de Janeiro,Campos,BARRACUDA,7-CRT-49-RJS,MAR,Petrobras 48,"3010,573",0,"276,887",0,"2060,293",,,,,,,,
2026,01/2026,Rio de Janeiro,Campos,BARRACUDA,7-CRT-52-RJS,MAR,Petrobras 48,"15079,85",0,"1889,466",0,"1174,858",,,,,,,,
2026,01/2026,Rio de Janeiro,Campos,ESPADARTE,7-ESP-54D-RJS,MAR,FPSO Cidade de Campos dos Goytacazes,"37737,22",0,"1975,744",0,"1933,222",,,,,,,,
2026,01/2026,Rio de Janeiro,Campos,ESPADARTE,7-ESP-53D-RJS,MAR,FPSO Cidade de Campos dos Goytacazes,"39527,57",0,"1872,07",0,"57,418",,,,,,,,
2026,01/2026,Rio de Janeiro,Campos,ESPADARTE,4-BRSA-480D-RJS,MAR,FPSO Cidade de Campos dos Goytacazes,"13705,476",0,"690,094",0,"871,776",,,,,,,,
2026,01/2026,São Paulo,Santos,SUDOESTE DE SAPINHOÁ,7-SPH-6-SPS,MAR,FPSO CIDADE DE ILHABELA,"340,438",0,"74,489",0,"1003,463",,,,,,,,
2026,01/2026,São Paulo,Santos,NORDESTE DE SAPINHOÁ,7-SPH-16D-SPS,MAR,FPSO CIDADE DE ILHABELA,"268,722",0,"86,016",0,"464,45",,,,,,,,
2026,01/2026,São Paulo,Santos,NORDESTE DE SAPINHOÁ,7-SPH-17-SPS,MAR,FPSO CIDADE DE ILHABELA,"225,43",0,"106,183",0,"761,097",,,,,,,,
2026,01/2026,São Paulo,Santos,NORDESTE DE SAPINHOÁ,7-SPH-8-SPS,MAR,FPSO CIDADE DE ILHABELA,"844,758",0,"175,966",0,"350,731",,,,,,,,
2026,01/2026,São Paulo,Santos,NORDESTE DE SAPINHOÁ,7-SPH-4D-SPS,MAR,FPSO CIDADE DE SÃO PAULO,"647,647",0,"154,398",0,"184,003",,,,,,,,
2026,01/2026,São Paulo,Santos,NORDESTE DE SAPINHOÁ,7-SPH-14D-SPS,MAR,FPSO CIDADE DE ILHABELA,"644,633",0,"289,281",0,"466,704",,,,,,,,
2026,01/2026,São Paulo,Santos,NORDESTE DE SAPINHOÁ,7-SPH-20D-SPS,MAR,FPSO CIDADE DE ILHABELA,"537,682",0,"121,096",0,"507,187",,,,,,,,
2026,01/2026,São Paulo,Santos,NORDESTE DE SAPINHOÁ,7-SPH-2D-SPS,MAR,FPSO CIDADE DE SÃO PAULO,"685,039",0,"167,893",0,"293,69",,,,,,,,
2026,01/2026,São Paulo,Santos,NORDESTE DE SAPINHOÁ,7-SPH-3-SPS,MAR,FPSO CIDADE DE SÃO PAULO,"570,483",0,"194,66",0,"194,254",,,,,,,,
2026,01/2026,São Paulo,Santos,NORDESTE DE SAPINHOÁ,7-SPH-7D-SPS,MAR,FPSO CIDADE DE ILHABELA,"267,393",0,"70,1",0,"88,752",,,,,,,,
2026,01/2026,São Paulo,Santos,NORDESTE DE SAPINHOÁ,7-SPH-5-SPS,MAR,FPSO CIDADE DE SÃO PAULO,"284,389",0,"128,313",0,"437,168",,,,,,,,
2026,01/2026,São Paulo,Santos,NORDESTE DE SAPINHOÁ,7-SPH-1-SPS,MAR,FPSO CIDADE DE SÃO PAULO,"141,189",0,"57,628",0,"299,876",,,,,,,,
2026,01/2026,São Paulo,Santos,NORDESTE DE SAPINHOÁ,9-BRSA-928-SPS,MAR,FPSO CIDADE DE SÃO PAULO,"192,123",0,"62,005",0,"617,062",,,,,,,,
2026,01/2026,São Paulo,Santos,NORDESTE DE SAPINHOÁ,7-SPH-22-SPS,MAR,FPSO CIDADE DE SÃO PAULO,"1350,508",0,"489,239",0,"108,725",,,,,,,,
2026,01/2026,São Paulo,Santos,NORDESTE DE SAPINHOÁ,7-SPH-6-SPS,MAR,FPSO CIDADE DE ILHABELA,"274,875",0,"60,145",0,"810,211",,,,,,,,
2026,01/2026,São Paulo,Santos,NOROESTE DE SAPINHOÁ,7-SPH-7D-SPS,MAR,FPSO CIDADE DE ILHABELA,"411,559",0,"107,894",0,"136,604",,,,,,,,
2026,01/2026,São Paulo,Santos,NOROESTE DE SAPINHOÁ,7-SPH-5-SPS,MAR,FPSO CIDADE DE SÃO PAULO,"437,717",0,"197,494",0,"672,87",,,,,,,,
2026,01/2026,São Paulo,Santos,NOROESTE DE SAPINHOÁ,7-SPH-17-SPS,MAR,FPSO CIDADE DE ILHABELA,"346,974",0,"163,432",0,"1171,447",,,,,,,,
2026,01/2026,São Paulo,Santos,NOROESTE DE SAPINHOÁ,7-SPH-2D-SPS,MAR,FPSO CIDADE DE SÃO PAULO,"1054,38",0,"258,413",0,"452,036",,,,,,,,
2026,01/2026,São Paulo,Santos,NOROESTE DE SAPINHOÁ,7-SPH-6-SPS,MAR,FPSO CIDADE DE ILHABELA,"423,074",0,"92,571",0,"1247,038",,,,,,,,
2026,01/2026,Rio de Janeiro,Campos,MARLIM,9-MRL-231DA-RJS,MAR,FPSO ANITA GARIBALDI,"31837,53",0,"5620,201",0,"109,114",,,,,,,,
2026,01/2026,Rio de Janeiro,Campos,MARLIM,7-MRL-230HP-RJS,MAR,FPSO ANITA GARIBALDI,"44518,304",0,"4365,361",0,"206,732",,,,,,,,
2026,01/2026,Rio de Janeiro,Campos,MARLIM,7-MLS-169HP-RJS,MAR,Petrobras 40,"559,618",0,"101,513",0,"5100,732",,,,,,,,
2026,01/2026,Rio de Janeiro,Campos,MARLIM,7-MLS-51HP-RJS,MAR,Petrobras 40,"1511,006",0,"268,348",0,"4730,768",,,,,,,,
2026,01/2026,São Paulo,Santos,NOROESTE DE SAPINHOÁ,7-SPH-22-SPS,MAR,FPSO CIDADE DE SÃO PAULO,"2078,636",0,"753,015",0,"167,345",,,,,,,,
2026,01/2026,São Paulo,Santos,NOROESTE DE SAPINHOÁ,7-SPH-20D-SPS,MAR,FPSO CIDADE DE ILHABELA,"827,575",0,"186,385",0,"780,641",,,,,,,,
2026,01/2026,São Paulo,Santos,NOROESTE DE SAPINHOÁ,7-SPH-16D-SPS,MAR,FPSO CIDADE DE ILHABELA,"413,602",0,"132,39",0,"714,859",,,,,,,,
2026,01/2026,São Paulo,Santos,NOROESTE DE SAPINHOÁ,7-SPH-8-SPS,MAR,FPSO CIDADE DE ILHABELA,"1300,211",0,"270,838",0,"539,831",,,,,,,,
2026,01/2026,São Paulo,Santos,NOROESTE DE SAPINHOÁ,9-BRSA-928-SPS,MAR,FPSO CIDADE DE SÃO PAULO,"295,708",0,"95,435",0,"949,755",,,,,,,,
2026,01/2026,São Paulo,Santos,NOROESTE DE SAPINHOÁ,7-SPH-14D-SPS,MAR,FPSO CIDADE DE ILHABELA,"992,189",0,"445,247",0,"718,327",,,,,,,,
2026,01/2026,São Paulo,Santos,NOROESTE DE SAPINHOÁ,7-SPH-1-SPS,MAR,FPSO CIDADE DE SÃO PAULO,"217,313",0,"88,698",0,"461,557",,,,,,,,
2026,01/2026,São Paulo,Santos,NOROESTE DE SAPINHOÁ,7-SPH-4D-SPS,MAR,FPSO CIDADE DE SÃO PAULO,"996,828",0,"237,643",0,"283,21",,,,,,,,
2026,01/2026,São Paulo,Santos,NOROESTE DE SAPINHOÁ,7-SPH-3-SPS,MAR,FPSO CIDADE DE SÃO PAULO,"878,061",0,"299,611",0,"298,985",,,,,,,,
2026,01/2026,Rio de Janeiro,Campos,TARTARUGA VERDE SUDOESTE,7-TVD-10D-RJS,MAR,FPSO Cidade de Campos dos Goytacazes,"2700,331",0,"175,638",0,"5443,215",,,,,,,,
2026,01/2026,Rio de Janeiro,Campos,TARTARUGA VERDE SUDOESTE,7-TVD-8D-RJS,MAR,FPSO Cidade de Campos dos Goytacazes,"1854,053",0,"133,051",0,"1743,173",,,,,,,,
2026,01/2026,Rio de Janeiro,Campos,TARTARUGA VERDE SUDOESTE,8-TVD-6D-RJS,MAR,FPSO Cidade de Campos dos Goytacazes,"2347,426",0,"110,978",0,"4486,041",,,,,,,,
2026,01/2026,Rio de Janeiro,Campos,TARTARUGA VERDE SUDOESTE,9-BRSA-1099-RJS,MAR,FPSO Cidade de Campos dos Goytacazes,"984,731",0,"42,828",0,"13342,086",,,,,,,,
2026,01/2026,Rio de Janeiro,Campos,TARTARUGA VERDE SUDOESTE,7-TMT-1D-RJS,MAR,FPSO Cidade de Campos dos Goytacazes,"2295,065",0,"126,863",0,"1801,255",,,,,,,,
2026,01/2026,Rio de Janeiro,Santos,AnC_TUPI,7-LL-95D-RJS,MAR,FPSO CIDADE DE ANGRA DOS REIS,"560,713",0,"119,212",0,"62,11",,,,,,,,
2026,01/2026,Rio de Janeiro,Santos,AnC_TUPI,7-LL-80DB-RJS,MAR,FPSO CIDADE DE SAQUAREMA,"832,485",0,"183,31",0,"124,362",,,,,,,,
2026,01/2026,Rio de Janeiro,Santos,AnC_TUPI,7-LL-22D-RJS,MAR,FPSO CIDADE DE PARATY,"679,875",0,"148,086",0,"97,422",,,,,,,,
2026,01/2026,Rio de Janeiro,Santos,AnC_TUPI,8-LL-81D-RJS,MAR,FPSO CIDADE DE SAQUAREMA,"248,419",0,"93,966",0,"239,916",,,,,,,,
2026,01/2026,Rio de Janeiro,Santos,AnC_TUPI,7-LL-117D-RJS,MAR,Petrobras 67,"535,502",0,"205,977",0,"0,509",,,,,,,,
2026,01/2026,Rio de Janeiro,Santos,AnC_TUPI,7-LL-34D-RJS,MAR,Petrobras 67,"381,703",0,"264,074",0,"0,36",,,,,,,,
2026,01/2026,Rio de Janeiro,Santos,AnC_TUPI,7-LL-68-RJS,MAR,Petrobras 67,"812,59",0,"162,172",0,"34,452",,,,,,,,
2026,01/2026,Rio de Janeiro,Santos,AnC_TUPI,9-LL-7-RJS,MAR,FPSO CIDADE DE SAQUAREMA,"730,911",0,"238,64",0,"46,642",,,,,,,,
2026,01/2026,Rio de Janeiro,Santos,AnC_TUPI,7-LL-102D-RJS,MAR,Petrobras 66,"634,189",0,"247,716",0,"120,383",,,,,,,,
2026,01/2026,Rio de Janeiro,Santos,AnC_TUPI,7-TUP-127-RJS,MAR,FPSO CIDADE DE PARATY,"939,728",0,"181,882",0,"3,105",,,,,,,,
2026,01/2026,Rio de Janeiro,Santos,AnC_TUPI,7-LL-15D-RJS,MAR,FPSO CIDADE DE PARATY,"571,932",0,"125,73",0,"475,72",,,,,,,,
2026,01/2026,Rio de Janeiro,Santos,AnC_TUPI,7-LL-46-RJS,MAR,FPSO CIDADE DE SAQUAREMA,"315,417",0,"154,774",0,"242,236",,,,,,,,
2026,01/2026,Rio de Janeiro,Santos,AnC_TUPI,7-LL-61-RJS,MAR,FPSO CIDADE DE MARICÁ,"675,655",0,"152,863",0,"17,079",,,,,,,,
2026,01/2026,Rio de Janeiro,Santos,AnC_TUPI,3-BRSA-865A-RJS,MAR,FPSO CIDADE DE SAQUAREMA,"803,973",0,"193,878",0,"27,993",,,,,,,,
2026,01/2026,Rio de Janeiro,Santos,AnC_TUPI,9-BRSA-908D-RJS,MAR,FPSO CIDADE DE ANGRA DOS REIS,"177,344",0,"76,243",0,"53,297",,,,,,,,
2026,01/2026,Rio de Janeiro,Santos,AnC_TUPI,9-LL-12D-RJS,MAR,FPSO CIDADE DE MARICÁ,"691,061",0,"255,365",0,"56,845",,,,,,,,
2026,01/2026,Rio de Janeiro,Santos,AnC_TUPI,3-BRSA-883-RJS,MAR,Petrobras 66,"499,896",0,"337,229",0,"145,724",,,,,,,,
2026,01/2026,Rio de Janeiro,Santos,AnC_TUPI,7-LL-110D-RJS,MAR,Petrobras 67,"658,309",0,"156,493",0,"132,097",,,,,,,,
2026,01/2026,Rio de Janeiro,Santos,AnC_TUPI,9-BRSA-716-RJS,MAR,FPSO CIDADE DE ANGRA DOS REIS,"0,203",0,"0,121",0,"0,018",,,,,,,,
2026,01/2026,Rio de Janeiro,Santos,AnC_TUPI,7-TUP-120D-RJS,MAR,FPSO CIDADE DE PARATY,"933,133",0,"248,444",0,"4,633",,,,,,,,
2026,01/2026,Rio de Janeiro,Santos,AnC_TUPI,7-TUP-132DA-RJS,MAR,FPSO CIDADE DE MARICÁ,"716,406",0,"186,967",0,"19,375",,,,,,,,
2026,01/2026,Rio de Janeiro,Santos,AnC_TUPI,7-LL-67D-RJS,MAR,Petrobras 67,"297,934",0,"123,808",0,"12,867",,,,,,,,
2026,01/2026,Rio de Janeiro,Santos,AnC_TUPI,9-LL-19-RJS,MAR,Petrobras 67,"725,972",0,"167,474",0,"46,865",,,,,,,,
2026,01/2026,Rio de Janeiro,Santos,AnC_TUPI,7-LL-48D-RJS,MAR,FPSO CIDADE DE MARICÁ,"530,411",0,"126,909",0,"114,782",,,,,,,,
2026,01/2026,Rio de Janeiro,Santos,AnC_TUPI,7-LL-66-RJS,MAR,FPSO CIDADE DE MARICÁ,"759,658",0,"165,512",0,"20,617",,,,,,,,
2026,01/2026,Rio de Janeiro,Santos,AnC_TUPI,8-LL-87D-RJS,MAR,FPSO CIDADE DE MARICÁ,"382,666",0,"93,48",0,"183,068",,,,,,,,
2026,01/2026,Rio de Janeiro,Santos,AnC_TUPI,7-LL-59-RJS,MAR,FPSO CIDADE DE SAQUAREMA,"702,819",0,"257,335",0,"114,382",,,,,,,,
2026,01/2026,Rio de Janeiro,Santos,AnC_TUPI,7-LL-106DA-RJS,MAR,FPSO CIDADE DE SAQUAREMA,"317,105",0,"201,381",0,"135,871",,,,,,,,
2026,01/2026,Rio de Janeiro,Santos,AnC_TUPI,7-LL-119D-RJS,MAR,FPSO CIDADE DE PARATY,"834,686",0,"260,084",0,"193,876",,,,,,,,
2026,01/2026,Rio de Janeiro,Santos,AnC_TUPI,3-BRSA-496-RJS,MAR,FPSO CIDADE DE ANGRA DOS REIS,"121,437",0,"95,975",0,"60,958",,,,,,,,
2026,01/2026,Rio de Janeiro,Santos,AnC_TUPI,7-LL-60D-RJS,MAR,Petrobras 66,"22,524",0,"9,711",0,"25,399",,,,,,,,
2026,01/2026,Rio de Janeiro,Santos,AnC_TUPI,7-LL-113D-RJS,MAR,Petrobras 67,"289,902",0,"56,634",0,"0,091",,,,,,,,
2026,01/2026,Rio de Janeiro,Santos,AnC_TUPI,7-LL-115-RJS,MAR,Petrobras 67,"870,214",0,"181,032",0,"0,23",,,,,,,,
2026,01/2026,Rio de Janeiro,Santos,AnC_TUPI,7-TUP-124D-RJS,MAR,Petrobras 67,"814,922",0,"155,025",0,"19,31",,,,,,,,
2026,01/2026,Rio de Janeiro,Santos,AnC_TUPI,7-TUP-128D-RJS,MAR,FPSO CIDADE DE MARICÁ,"398,569",0,"116,742",0,"82,199",,,,,,,,
2026,01/2026,Rio de Janeiro,Santos,AnC_TUPI,7-LL-91-RJS,MAR,FPSO CIDADE DE SAQUAREMA,"841,469",0,"211,943",0,"5,333",,,,,,,,
2026,01/2026,Rio de Janeiro,Santos,AnC_TUPI,7-LL-28D-RJS,MAR,FPSO CIDADE DE PARATY,"545,305",0,"132,613",0,"158,588",,,,,,,,
2026,01/2026,Rio de Janeiro,Santos,AnC_NORTE_ATAPU,7-OATP-1-RJS,MAR,PETROBRAS 70,"443,999",0,"101,634",0,"5,579",,,,,,,,
2026,01/2026,Rio de Janeiro,Santos,AnC_NORTE_ATAPU,9-BRSA-1284-RJS,MAR,PETROBRAS 70,"424,233",0,"98,529",0,"0,064",,,,,,,,
2026,01/2026,Rio de Janeiro,Santos,AnC_NORTE_ATAPU,9-ATP-1-RJS,MAR,PETROBRAS 70,"709,928",0,"152,007",0,"0,195",,,,,,,,
2026,01/2026,Rio de Janeiro,Santos,AnC_NORTE_ATAPU,7-ATP-6-RJS,MAR,PETROBRAS 70,"714,668",0,"167,846",0,"0,204",,,,,,,,
2026,01/2026,Rio de Janeiro,Santos,AnC_MERO,7-MRO-10B-RJS,MAR,FPSO Guanabara,"2778,539",0,"1171,179",0,"2,783",,,,,,,,
2026,01/2026,Rio de Janeiro,Santos,AnC_MERO,7-MRO-16D-RJS,MAR,FPSO SEPETIBA,"7086,689",0,"2942,082",0,"13,881",,,,,,,,
2026,01/2026,Rio de Janeiro,Santos,AnC_MERO,7-MRO-20D-RJS,MAR,FPSO MARECHAL DUQUE DE CAXIAS,"7835,417",0,"3197,711",0,"15,951",,,,,,,,
2026,01/2026,Rio de Janeiro,Santos,AnC_MERO,7-MRO-7A-RJS,MAR,FPSO Guanabara,"6369,522",0,"2633,262",0,"6,376",,,,,,,,
2026,01/2026,Rio de Janeiro,Santos,AnC_MERO,7-MRO-18D-RJS,MAR,FPSO SEPETIBA,"6955,564",0,"2920,227",0,"12,542",,,,,,,,
2026,01/2026,Rio de Janeiro,Santos,AnC_MERO,7-MRO-17A-RJS,MAR,FPSO SEPETIBA,"7283,234",0,"2989,808",0,"12,585",,,,,,,,
2026,01/2026,Rio de Janeiro,Santos,AnC_MERO,3-BRSA-1355D-RJS,MAR,FPSO Guanabara,"4384,94",0,"1791,603",0,"6,587",,,,,,,,
2026,01/2026,Rio de Janeiro,Santos,AnC_MERO,7-MRO-6DB-RJS,MAR,FPSO Guanabara,"4024,75",0,"1655,954",0,"4,029",,,,,,,,
2026,01/2026,Rio de Janeiro,Santos,AnC_MERO,3-BRSA-1322-RJS,MAR,FPSO PIONEIRO DE LIBRA,"7088,436",0,"2939,877",0,"24,183",,,,,,,,
2026,01/2026,Rio de Janeiro,Santos,AnC_MERO,3-BRSA-1255-RJS,MAR,FPSO Guanabara,"7330,578",0,"3011,049",0,"7,338",,,,,,,,
2026,01/2026,Rio de Janeiro,Santos,TUPI,7-LL-59-RJS,MAR,FPSO CIDADE DE SAQUAREMA,"76441,064",0,"27988,678",0,"12440,593",,,,,,,,
2026,01/2026,Rio de Janeiro,Santos,TUPI,7-TUP-130D-RJS,MAR,FPSO CIDADE DE MANGARATIBA,"123924,712",0,"38149,347",0,"576,156",,,,,,,,
2026,01/2026,Rio de Janeiro,Santos,TUPI,4-BRSA-711-RJS,MAR,FPSO CIDADE DE MANGARATIBA,"54425,519",0,"21163,799",0,"43694,967",,,,,,,,
2026,01/2026,Rio de Janeiro,Santos,TUPI,7-LL-46-RJS,MAR,FPSO CIDADE DE SAQUAREMA,"34305,901",0,"16833,741",0,"26346,451",,,,,,,,
2026,01/2026,Rio de Janeiro,Santos,TUPI,7-LL-51-RJS,MAR,FPSO CIDADE DE ITAGUAÍ,"44961,686",0,"26472,487",0,"48960,957",,,,,,,,
2026,01/2026,Rio de Janeiro,Santos,TUPI,8-LL-87D-RJS,MAR,FPSO CIDADE DE MARICÁ,"41620,068",0,"10167,251",0,"19911,168",,,,,,,,
2026,01/2026,Rio de Janeiro,Santos,TUPI,7-LL-68-RJS,MAR,Petrobras 67,"88380,087",0,"17638,437",0,"3747,088",,,,,,,,
2026,01/2026,Rio de Janeiro,Santos,TUPI,7-LL-83D-RJS,MAR,FPSO CIDADE DE MANGARATIBA,"80771,881",0,"24983,817",0,"45176,212",,,,,,,,
2026,01/2026,Rio de Janeiro,Santos,TUPI,9-LL-12D-RJS,MAR,FPSO CIDADE DE MARICÁ,"75162,241",0,"27774,447",0,"6182,617",,,,,,,,
2026,01/2026,Rio de Janeiro,Santos,TUPI,9-BRSA-716-RJS,MAR,FPSO CIDADE DE ANGRA DOS REIS,"22,057",0,"13,208",0,"1,98",,,,,,,,
2026,01/2026,Rio de Janeiro,Santos,TUPI,7-LL-110D-RJS,MAR,Petrobras 67,"71599,956",0,"17020,752",0,"14367,354",,,,,,,,
2026,01/2026,Rio de Janeiro,Santos,TUPI,7-LL-73D-RJS,MAR,FPSO CIDADE DE ITAGUAÍ,"10310,428",0,"3858,399",0,"68747,068",,,,,,,,
2026,01/2026,Rio de Janeiro,Santos,TUPI,7-LL-36A-RJS,MAR,FPSO CIDADE DE ITAGUAÍ,"120851,94",0,"58860,24",0,"60,94",,,,,,,,
2026,01/2026,Rio de Janeiro,Santos,TUPI,3-BRSA-830-RJS,MAR,FPSO CIDADE DE MANGARATIBA,"64652,741",0,"25819,196",0,"4126,204",,,,,,,,
2026,01/2026,Rio de Janeiro,Santos,TUPI,7-TUP-124D-RJS,MAR,Petrobras 67,"88633,821",0,"16861,092",0,"2100,189",,,,,,,,
2026,01/2026,Rio de Janeiro,Santos,TUPI,7-TUP-121DA-RJS,MAR,FPSO CIDADE DE ITAGUAÍ,"155249,203",0,"49030,353",0,"108,934",,,,,,,,
2026,01/2026,São Paulo,Santos,SAPINHOÁ,7-SPH-3-SPS,MAR,FPSO CIDADE DE SÃO PAULO,"49193,513",0,"16785,727",0,"16750,693",,,,,,,,
2026,01/2026,São Paulo,Santos,SAPINHOÁ,7-SPH-14D-SPS,MAR,FPSO CIDADE DE ILHABELA,"55587,513",0,"24945,029",0,"40244,399",,,,,,,,
2026,01/2026,São Paulo,Santos,SAPINHOÁ,7-SPH-22-SPS,MAR,FPSO CIDADE DE SÃO PAULO,"116455,873",0,"42187,784",0,"9375,56",,,,,,,,
2026,01/2026,Rio de Janeiro,Santos,BERBIGÃO,7-SRR-2-RJS,MAR,Petrobras 68,"78656,419",0,"19096,559",0,"7,827",,,,,,,,
2026,01/2026,Rio de Janeiro,Santos,BERBIGÃO,9-BBG-1D-RJS,MAR,Petrobras 68,"64150,266",0,"12428,369",0,"13,258",,,,,,,,
2026,01/2026,Rio de Janeiro,Santos,BERBIGÃO,7-SRR-6D-RJS,MAR,Petrobras 68,"54374,695",0,"11004,588",0,"307,377",,,,,,,,
2026,01/2026,Rio de Janeiro,Santos,BERBIGÃO,9-BRSA-1212-RJS,MAR,Petrobras 68,"73360,268",0,"14402,219",0,"22,681",,,,,,,,
2026,01/2026,Rio de Janeiro,Santos,BÚZIOS,9-BUZ-4-RJS,MAR,PETROBRAS 77,"43142,88",0,"12867,874",0,0,,,,,,,,
2026,01/2026,Rio de Janeiro,Santos,BÚZIOS,9-BUZ-7-RJS,MAR,Petrobras 74,"30751,126",0,"8599,577",0,"6,955",,,,,,,,
2026,01/2026,Rio de Janeiro,Santos,BÚZIOS,3-BRSA-944A-RJS,MAR,FPSO ALMIRANTE BARROSO,"35989,004",0,"8824,313",0,"10,8",,,,,,,,
2026,01/2026,Rio de Janeiro,Santos,BÚZIOS,7-BUZ-85-RJS,MAR,FPSO ALMIRANTE TAMANDARE,"33492,917",0,"8698,864",0,"5,365",,,,,,,,
2026,01/2026,Rio de Janeiro,Santos,BÚZIOS,7-BUZ-74D-RJS,MAR,FPSO ALMIRANTE TAMANDARE,"52205,109",0,"13347,106",0,"5,221",,,,,,,,
2026,01/2026,Rio de Janeiro,Santos,BÚZIOS,7-BUZ-31D-RJS,MAR,Petrobras 76,"0,402",0,"0,183",0,0,,,,,,,,
2026,01/2026,Rio de Janeiro,Santos,BÚZIOS,7-BUZ-25-RJS,MAR,Petrobras 74,"58729,974",0,"14089,289",0,"1,526",,,,,,,,
2026,01/2026,Rio de Janeiro,Santos,BÚZIOS,7-BUZ-87D-RJS,MAR,FPSO ALMIRANTE TAMANDARE,"54761,366",0,"13954,949",0,"20,545",,,,,,,,
2026,01/2026,Rio de Janeiro,Santos,BÚZIOS,9-BRSA-1191-RJS,MAR,Petrobras 74,"0,016",0,"0,005",0,0,,,,,,,,
2026,01/2026,Rio de Janeiro,Santos,BÚZIOS,3-BRSA-1184-RJS,MAR,PETROBRAS 77,"30886,109",0,"7132,024",0,"3,706",,,,,,,,
2026,01/2026,Rio de Janeiro,Santos,BÚZIOS,7-BUZ-45DA-RJS,MAR,FPSO ALMIRANTE BARROSO,"50932,209",0,"12572,35",0,"10,503",,,,,,,,
2026,01/2026,Rio de Janeiro,Santos,BÚZIOS,7-BUZ-12-RJS,MAR,PETROBRAS 77,"57171,744",0,"14324,183",0,0,,,,,,,,
2026,01/2026,Rio de Janeiro,Santos,BÚZIOS,9-BUZ-3-RJS,MAR,Petrobras 75,"17497,683",0,"7800,366",0,"14,973",,,,,,,,
2026,01/2026,Rio de Janeiro,Santos,BÚZIOS,3-BRSA-1064-RJS,MAR,Petrobras 76,"20772,852",0,"5149,743",0,"6,234",,,,,,,,
2026,01/2026,Rio de Janeiro,Santos,BÚZIOS,7-BUZ-46D-RJS,MAR,FPSO ALMIRANTE BARROSO,"58453,079",0,"14430,772",0,"119,488",,,,,,,,
2026,01/2026,Rio de Janeiro,Santos,BÚZIOS,9-BUZ-1-RJS,MAR,Petrobras 76,"19735,311",0,"4651,839",0,0,,,,,,,,
2026,01/2026,Rio de Janeiro,Santos,BÚZIOS,7-BUZ-70D-RJS,MAR,FPSO ALMIRANTE TAMANDARE,"67743,368",0,"19452,207",0,"8,165",,,,,,,,
2026,01/2026,Rio de Janeiro,Santos,BÚZIOS,7-BUZ-14DA-RJS,MAR,Petrobras 74,"51542,547",0,"13193,729",0,"13,257",,,,,,,,
2026,01/2026,Rio de Janeiro,Santos,BÚZIOS,7-BUZ-17-RJS,MAR,Petrobras 74,"7764,31",0,"2591,101",0,"1,871",,,,,,,,
2026,01/2026,Rio de Janeiro,Santos,BÚZIOS,7-BUZ-23-RJS,MAR,Petrobras 75,"41626,578",0,"14766,518",0,"21,587",,,,,,,,
2026,01/2026,Rio de Janeiro,Santos,BÚZIOS,7-BUZ-36DA-RJS,MAR,PETROBRAS 77,"6219,234",0,"2706,321",0,"0,622",,,,,,,,
2026,01/2026,Rio de Janeiro,Santos,BÚZIOS,9-BUZ-41-RJS,MAR,FPSO ALMIRANTE TAMANDARE,"40792,414",0,"10556,248",0,"157,355",,,,,,,,
2026,01/2026,Rio de Janeiro,Santos,BÚZIOS,9-BRSA-1197-RJS,MAR,FPSO ALMIRANTE TAMANDARE,"60050,661",0,"15293,883",0,"12,013",,,,,,,,
2026,01/2026,Rio de Janeiro,Santos,BÚZIOS,7-BUZ-30-RJS,MAR,PETROBRAS 77,"51779,716",0,"12931,506",0,"162,634",,,,,,,,
2026,01/2026,Rio de Janeiro,Santos,BÚZIOS,7-BUZ-10-RJS,MAR,Petrobras 75,"51979,413",0,"15890,705",0,"22,336",,,,,,,,
2026,01/2026,Rio de Janeiro,Santos,BÚZIOS,7-BUZ-24D-RJS,MAR,Petrobras 76,"24233,106",0,"9932,27",0,"26,083",,,,,,,,
2026,01/2026,Rio de Janeiro,Santos,BÚZIOS,7-BUZ-18-RJS,MAR,Petrobras 76,"34797,781",0,"9012,038",0,"41,807",,,,,,,,
2026,01/2026,Rio de Janeiro,Santos,BÚZIOS,7-BUZ-33-RJS,MAR,FPSO ALMIRANTE BARROSO,"61363,482",0,"14843,084",0,"12,275",,,,,,,,
2026,01/2026,Rio de Janeiro,Santos,BÚZIOS,7-BUZ-29D-RJS,MAR,Petrobras 75,"17278,102",0,"7934,089",0,"15,025",,,,,,,,
2026,01/2026,Rio de Janeiro,Santos,SUL DE TUPI,8-LL-87D-RJS,MAR,FPSO CIDADE DE MARICÁ,"3935,531",0,"961,4",0,"1882,77",,,,,,,,
2026,01/2026,Rio de Janeiro,Santos,SUL DE TUPI,7-LL-28D-RJS,MAR,FPSO CIDADE DE PARATY,"5608,197",0,"1363,858",0,"1631,004",,,,,,,,
2026,01/2026,Rio de Janeiro,Santos,SUL DE TUPI,7-LL-91-RJS,MAR,FPSO CIDADE DE SAQUAREMA,"8654,102",0,"2179,731",0,"54,852",,,,,,,,
2026,01/2026,Rio de Janeiro,Santos,SUL DE TUPI,7-LL-61-RJS,MAR,FPSO CIDADE DE MARICÁ,"6948,782",0,"1572,117",0,"175,649",,,,,,,,
2026,01/2026,Espírito Santo,Campos,ARGONAUTA,7-JUB-58DPA-ESS,MAR,Petrobras 58,"202,118",0,"46,408",0,"86,892",,,,,,,,
2026,01/2026,Espírito Santo,Campos,ARGONAUTA,7-JUB-80D-ESS,MAR,Petrobras 58,"204,838",0,"47,712",0,"8,27",,,,,,,,
2026,01/2026,Espírito Santo,Campos,ARGONAUTA,6-BRSA-639-ESS,MAR,Petrobras 58,"77,052",0,"20,231",0,"37,37",,,,,,,,
2026,01/2026,Espírito Santo,Campos,ARGONAUTA,7-BFR-7-ESS,MAR,Petrobras 58,"98,591",0,"36,564",0,"99,374",,,,,,,,
2026,01/2026,Espírito Santo,Campos,ARGONAUTA,6-BRSA-1222A-ESS,MAR,Petrobras 58,"208,877",0,"49,927",0,"490,162",,,,,,,,
2026,01/2026,Espírito Santo,Campos,ARGONAUTA,8-JUB-59D-ESS,MAR,Petrobras 58,"221,097",0,"65,49",0,"682,256",,,,,,,,
2026,01/2026,Espírito Santo,Campos,ARGONAUTA,7-JUB-63-ESS,MAR,FPSO CIDADE DE ANCHIETA,"603,364",0,"165,388",0,"808,011",,,,,,,,
2026,01/2026,Espírito Santo,Campos,ARGONAUTA,7-BAZ-4-ESS,MAR,FPSO CIDADE DE ANCHIETA,"111,34",0,"32,484",0,"335,993",,,,,,,,
2026,01/2026,Espírito Santo,Campos,ARGONAUTA,8-JUB-39-ESS,MAR,Petrobras 58,"69,553",0,"20,636",0,"64,756",,,,,,,,
2026,01/2026,Espírito Santo,Campos,ARGONAUTA,7-JUB-57DPA-ESS,MAR,Petrobras 58,"108,954",0,"35,047",0,"482,054",,,,,,,,
2026,01/2026,Espírito Santo,Campos,ARGONAUTA,7-BAZ-9HA-ESS,MAR,FPSO CIDADE DE ANCHIETA,"103,054",0,"29,192",0,"6,59",,,,,,,,
2026,01/2026,Espírito Santo,Campos,ARGONAUTA,7-BFR-12PA-ESS,MAR,Petrobras 58,"498,458",0,"202,303",0,"116,448",,,,,,,,
2026,01/2026,Rio de Janeiro,Santos,AnC_MERO,7-MRO-27D-RJS,MAR,FPSO SEPETIBA,"7752,623",0,"3165,319",0,"13,09",,,,,,,,
2026,01/2026,Rio de Janeiro,Santos,AnC_MERO,7-MRO-3-RJS,MAR,FPSO Guanabara,"7001,514",0,"2893,919",0,"35,184",,,,,,,,
2026,01/2026,Rio de Janeiro,Santos,AnC_MERO,3-BRSA-1305A-RJS,MAR,FPSO SEPETIBA,"1498,669",0,"758,842",0,"4,015",,,,,,,,
2026,01/2026,Rio de Janeiro,Santos,BÚZIOS_ECO,7-BUZ-31D-RJS,MAR,Petrobras 76,"1,137",0,"0,518",0,"0,001",,,,,,,,
2026,01/2026,Rio de Janeiro,Santos,BÚZIOS_ECO,7-BUZ-85-RJS,MAR,FPSO ALMIRANTE TAMANDARE,"94731,669",0,"24603,944",0,"15,175",,,,,,,,
2026,01/2026,Rio de Janeiro,Santos,BÚZIOS_ECO,7-BUZ-29D-RJS,MAR,Petrobras 75,"48869,541",0,"22440,849",0,"42,496",,,,,,,,
2026,01/2026,Rio de Janeiro,Santos,BÚZIOS_ECO,7-BUZ-14DA-RJS,MAR,Petrobras 74,"145783,407",0,"37317,262",0,"37,494",,,,,,,,
2026,01/2026,Rio de Janeiro,Santos,BÚZIOS_ECO,7-BUZ-46D-RJS,MAR,FPSO ALMIRANTE BARROSO,"165329,217",0,"40816,126",0,"337,96",,,,,,,,
2026,01/2026,Rio de Janeiro,Santos,BÚZIOS_ECO,7-BUZ-33-RJS,MAR,FPSO ALMIRANTE BARROSO,"173561,028",0,"41982,313",0,"34,719",,,,,,,,
2026,01/2026,Rio de Janeiro,Santos,BÚZIOS_ECO,7-BUZ-23-RJS,MAR,Petrobras 75,"117736,991",0,"41765,753",0,"61,055",,,,,,,,
2026,01/2026,Rio de Janeiro,Santos,BÚZIOS_ECO,7-BUZ-25-RJS,MAR,Petrobras 74,"166112,39",0,"39850,272",0,"4,316",,,,,,,,
2026,01/2026,Rio de Janeiro,Santos,BÚZIOS_ECO,7-BUZ-36DA-RJS,MAR,PETROBRAS 77,"17590,536",0,"7654,582",0,"1,759",,,,,,,,
2026,01/2026,Rio de Janeiro,Santos,BÚZIOS_ECO,7-BUZ-18-RJS,MAR,Petrobras 76,"98422,356",0,"25489,731",0,"118,249",,,,,,,,
2026,01/2026,Rio de Janeiro,Santos,BÚZIOS_ECO,7-BUZ-24D-RJS,MAR,Petrobras 76,"68541,136",0,"28092,523",0,"73,774",,,,,,,,
2026,01/2026,Rio de Janeiro,Santos,BÚZIOS_ECO,9-BUZ-7-RJS,MAR,Petrobras 74,"86976,762",0,"24323,122",0,"19,671",,,,,,,,
2026,01/2026,Rio de Janeiro,Santos,BÚZIOS_ECO,7-BUZ-45DA-RJS,MAR,FPSO ALMIRANTE BARROSO,"144057,121",0,"35559,749",0,"29,707",,,,,,,,
2026,01/2026,Rio de Janeiro,Santos,BÚZIOS_ECO,9-BUZ-41-RJS,MAR,FPSO ALMIRANTE TAMANDARE,"115377,634",0,"29857,387",0,"445,065",,,,,,,,
2026,01/2026,Rio de Janeiro,Santos,BÚZIOS_ECO,7-BUZ-87D-RJS,MAR,FPSO ALMIRANTE TAMANDARE,"154887,543",0,"39470,304",0,"58,108",,,,,,,,
2026,01/2026,Rio de Janeiro,Santos,BÚZIOS_ECO,7-BUZ-12-RJS,MAR,PETROBRAS 77,"161705,079",0,"40514,649",0,0,,,,,,,,
2026,01/2026,Rio de Janeiro,Santos,BÚZIOS_ECO,9-BUZ-1-RJS,MAR,Petrobras 76,"55819,533",0,"13157,302",0,0,,,,,,,,
2026,01/2026,Rio de Janeiro,Santos,BÚZIOS_ECO,9-BRSA-1191-RJS,MAR,Petrobras 74,"0,045",0,"0,014",0,0,,,,,,,,
2026,01/2026,Rio de Janeiro,Santos,BÚZIOS_ECO,9-BUZ-3-RJS,MAR,Petrobras 75,"49490,605",0,"22062,625",0,"42,351",,,,,,,,
2026,01/2026,Rio de Janeiro,Santos,BÚZIOS_ECO,7-BUZ-10-RJS,MAR,Petrobras 75,"147019,043",0,"44945,415",0,"63,175",,,,,,,,
2026,01/2026,Rio de Janeiro,Santos,BÚZIOS_ECO,7-BUZ-70D-RJS,MAR,FPSO ALMIRANTE TAMANDARE,"191605,953",0,"55018,799",0,"23,094",,,,,,,,
2026,01/2026,Rio de Janeiro,Santos,BÚZIOS_ECO,3-BRSA-1064-RJS,MAR,Petrobras 76,"58754,121",0,"14565,581",0,"17,631",,,,,,,,
2026,01/2026,Rio de Janeiro,Santos,BÚZIOS_ECO,9-BUZ-4-RJS,MAR,PETROBRAS 77,"122025,713",0,"36395,612",0,0,,,,,,,,
2026,01/2026,Rio de Janeiro,Santos,BÚZIOS_ECO,7-BUZ-17-RJS,MAR,Petrobras 74,"21960,646",0,"7328,693",0,"5,293",,,,,,,,
2026,01/2026,Rio de Janeiro,Santos,BÚZIOS_ECO,7-BUZ-30-RJS,MAR,PETROBRAS 77,"146454,218",0,"36575,588",0,"459,997",,,,,,,,
2026,01/2026,Rio de Janeiro,Santos,BÚZIOS_ECO,7-BUZ-74D-RJS,MAR,FPSO ALMIRANTE TAMANDARE,"147657,403",0,"37751,075",0,"14,767",,,,,,,,
2026,01/2026,Rio de Janeiro,Santos,BÚZIOS_ECO,3-BRSA-944A-RJS,MAR,FPSO ALMIRANTE BARROSO,"101791,624",0,"24958,766",0,"30,547",,,,,,,,
2026,01/2026,Rio de Janeiro,Santos,BÚZIOS_ECO,9-BRSA-1197-RJS,MAR,FPSO ALMIRANTE TAMANDARE,"169847,832",0,"43257,357",0,"33,976",,,,,,,,
2026,01/2026,Rio de Janeiro,Santos,BÚZIOS_ECO,3-BRSA-1184-RJS,MAR,PETROBRAS 77,"87358,55",0,"20172,281",0,"10,484",,,,,,,,
2026,01/2026,Rio de Janeiro,Santos,ITAPU_ECO,7-ITP-4-RJS,MAR,PETROBRAS 71,"61658,909",0,"5852,169",0,"10,9",,,,,,,,
2026,01/2026,Rio de Janeiro,Santos,ITAPU_ECO,7-ITP-3A-RJS,MAR,PETROBRAS 71,"54934,04",0,"5496,07",0,"3,072",,,,,,,,
2026,01/2026,Rio de Janeiro,Santos,ITAPU_ECO,7-ITP-5D-RJS,MAR,PETROBRAS 71,"88037,555",0,"8167,877",0,"1203,161",,,,,,,,
2026,01/2026,Rio de Janeiro,Santos,ITAPU_ECO,9-ITP-1-RJS,MAR,PETROBRAS 71,"85123,993",0,"8446,45",0,"12,934",,,,,,,,
2026,01/2026,Rio de Janeiro,Santos,ITAPU_ECO,1-BRSA-1116-RJS,MAR,PETROBRAS 71,"74259,453",0,"18616,104",0,"196,846",,,,,,,,
2026,01/2026,Rio de Janeiro,Santos,ATAPU_ECO,9-ATP-1-RJS,MAR,PETROBRAS 70,"37081,438",0,"7939,718",0,"10,221",,,,,,,,
2026,01/2026,Rio de Janeiro,Santos,ATAPU_ECO,9-BRSA-1284-RJS,MAR,PETROBRAS 70,"22158,845",0,"5146,404",0,"3,35",,,,,,,,
2026,01/2026,Rio de Janeiro,Santos,ATAPU_ECO,7-ATP-6-RJS,MAR,PETROBRAS 70,"37329,034",0,"8767,125",0,"10,67",,,,,,,,
2026,01/2026,Rio de Janeiro,Santos,ATAPU_ECO,7-OATP-1-RJS,MAR,PETROBRAS 70,"23191,19",0,"5308,618",0,"291,403",,,,,,,,
2026,01/2026,Rio de Janeiro,Santos,SÉPIA_ECO,1-BRSA-976-RJS,MAR,FPSO Carioca,"31033,375",0,"10857,586",0,"22,775",,,,,,,,
2026,01/2026,Rio de Janeiro,Santos,SÉPIA_ECO,9-BRSA-1254-RJS,MAR,FPSO Carioca,"69050,172",0,"12529,855",0,"26,506",,,,,,,,
2026,01/2026,Rio de Janeiro,Santos,SÉPIA_ECO,7-SEP-7D-RJS,MAR,FPSO Carioca,"43635,315",0,"7792,38",0,"751,575",,,,,,,,
2026,01/2026,Rio de Janeiro,Santos,SÉPIA_ECO,3-BRSA-1201-RJS,MAR,FPSO Carioca,"38752,608",0,"14284,603",0,"2783,614",,,,,,,,
2026,01/2026,Rio de Janeiro,Santos,SÉPIA_ECO,7-SEP-6-RJS,MAR,FPSO Carioca,"43658,478",0,"7926,381",0,"37,256",,,,,,,,
2026,01/2026,Rio de Janeiro,Campos,ESPADIM,9-MRL-231DA-RJS,MAR,FPSO ANITA GARIBALDI,"1151,739",0,"203,312",0,"3,948",,,,,,,,
2026,01/2026,Rio de Janeiro,Campos,ESPADIM,6-BRSA-770D-RJS,MAR,FPSO ANITA GARIBALDI,"475,484",0,"67,962",0,"5,132",,,,,,,,
2026,01/2026,Espírito Santo,Campos,AnC_Jubarte_Sudoeste,7-JUB-63-ESS,MAR,FPSO CIDADE DE ANCHIETA,"1080,441",0,"296,161",0,"1446,903",,,,,,,,
2026,01/2026,Espírito Santo,Campos,AnC_Jubarte_Sudoeste,8-JUB-39-ESS,MAR,Petrobras 58,"124,548",0,"36,954",0,"115,959",,,,,,,,
2026,01/2026,Espírito Santo,Campos,AnC_Jubarte_Sudoeste,7-BAZ-9HA-ESS,MAR,FPSO CIDADE DE ANCHIETA,"184,538",0,"52,272",0,"11,799",,,,,,,,
2026,01/2026,Espírito Santo,Campos,AnC_Jubarte_Sudoeste,8-JUB-59D-ESS,MAR,Petrobras 58,"395,919",0,"117,273",0,"1221,715",,,,,,,,
2026,01/2026,Espírito Santo,Campos,AnC_Jubarte_Sudoeste,7-JUB-57DPA-ESS,MAR,Petrobras 58,"195,104",0,"62,758",0,"863,214",,,,,,,,
2026,01/2026,Espírito Santo,Campos,AnC_Jubarte_Sudoeste,6-BRSA-1222A-ESS,MAR,Petrobras 58,"374,036",0,"89,405",0,"877,733",,,,,,,,
2026,01/2026,Espírito Santo,Campos,AnC_Jubarte_Sudoeste,7-JUB-58DPA-ESS,MAR,Petrobras 58,"361,932",0,"83,102",0,"155,596",,,,,,,,
2026,01/2026,Espírito Santo,Campos,AnC_Jubarte_Sudoeste,6-BRSA-639-ESS,MAR,Petrobras 58,"137,976",0,"36,228",0,"66,917",,,,,,,,
2026,01/2026,Espírito Santo,Campos,AnC_Jubarte_Sudoeste,7-BFR-12PA-ESS,MAR,Petrobras 58,"892,587",0,"362,262",0,"208,523",,,,,,,,
2026,01/2026,Espírito Santo,Campos,AnC_Jubarte_Sudoeste,7-JUB-80D-ESS,MAR,Petrobras 58,"366,801",0,"85,44",0,"14,81",,,,,,,,
2026,01/2026,Espírito Santo,Campos,AnC_Jubarte_Sudoeste,7-BAZ-4-ESS,MAR,FPSO CIDADE DE ANCHIETA,"199,377",0,"58,167",0,"601,662",,,,,,,,
2026,01/2026,Espírito Santo,Campos,AnC_Jubarte_Sudoeste,7-BFR-7-ESS,MAR,Petrobras 58,"176,546",0,"65,476",0,"177,949",,,,,,,,
2026,01/2026,Espírito Santo,Campos,AnC_Jubarte_Nordeste,7-BAZ-9HA-ESS,MAR,FPSO CIDADE DE ANCHIETA,"41,94",0,"11,88",0,"2,682",,,,,,,,
2026,01/2026,Espírito Santo,Campos,AnC_Jubarte_Nordeste,7-JUB-80D-ESS,MAR,Petrobras 58,"83,364",0,"19,417",0,"3,366",,,,,,,,
2026,01/2026,Espírito Santo,Campos,AnC_Jubarte_Nordeste,8-JUB-59D-ESS,MAR,Petrobras 58,"89,982",0,"26,652",0,"277,662",,,,,,,,
2026,01/2026,Espírito Santo,Campos,AnC_Jubarte_Nordeste,7-BAZ-4-ESS,MAR,FPSO CIDADE DE ANCHIETA,"45,314",0,"13,22",0,"136,742",,,,,,,,
2026,01/2026,Espírito Santo,Campos,AnC_Jubarte_Nordeste,7-BFR-7-ESS,MAR,Petrobras 58,"40,125",0,"14,881",0,"40,442",,,,,,,,
2026,01/2026,Espírito Santo,Campos,AnC_Jubarte_Nordeste,8-JUB-39-ESS,MAR,Petrobras 58,"28,306",0,"8,399",0,"26,354",,,,,,,,
2026,01/2026,Espírito Santo,Campos,AnC_Jubarte_Nordeste,6-BRSA-1222A-ESS,MAR,Petrobras 58,"85,008",0,"20,318",0,"199,486",,,,,,,,
2026,01/2026,Espírito Santo,Campos,AnC_Jubarte_Nordeste,7-JUB-63-ESS,MAR,FPSO CIDADE DE ANCHIETA,"245,554",0,"67,309",0,"328,841",,,,,,,,
2026,01/2026,Espírito Santo,Campos,AnC_Jubarte_Nordeste,7-JUB-58DPA-ESS,MAR,Petrobras 58,"82,257",0,"18,887",0,"35,362",,,,,,,,
2026,01/2026,Espírito Santo,Campos,AnC_Jubarte_Nordeste,7-JUB-57DPA-ESS,MAR,Petrobras 58,"44,342",0,"14,262",0,"196,184",,,,,,,,
2026,01/2026,Espírito Santo,Campos,AnC_Jubarte_Nordeste,6-BRSA-639-ESS,MAR,Petrobras 58,"31,358",0,"8,233",0,"15,208",,,,,,,,
2026,01/2026,Espírito Santo,Campos,AnC_Jubarte_Nordeste,7-BFR-12PA-ESS,MAR,Petrobras 58,"202,862",0,"82,332",0,"47,392",,,,,,,,
2026,01/2026,Rio de Janeiro,Campos,CARATINGA,7-BR-29HPA-RJS,MAR,Petrobras 43,"607,935",0,"83,14",0,"1181,629",,,,,,,,
2026,01/2026,Rio de Janeiro,Campos,CARATINGA,7-BR-62HP-RJS,MAR,Petrobras 43,"780,585",0,"88,856",0,"1893,293",,,,,,,,
2026,01/2026,Rio de Janeiro,Campos,CARATINGA,7-BR-83HA-RJS,MAR,Petrobras 43,"3871,033",0,"317,505",0,"295,642",,,,,,,,
2026,01/2026,Rio de Janeiro,Campos,CARATINGA,7-BR-42HP-RJS,MAR,Petrobras 43,"1573,247",0,"185,519",0,"895,575",,,,,,,,
2026,01/2026,Rio de Janeiro,Campos,CARATINGA,9-BR-82DB-RJS,MAR,Petrobras 48,"11709,714",0,"1413,974",0,"4136,528",,,,,,,,
2026,01/2026,Rio de Janeiro,Campos,CARATINGA,7-BR-51HP-RJS,MAR,Petrobras 43,"1405,318",0,"128,489",0,"3609,886",,,,,,,,
2026,01/2026,Rio de Janeiro,Campos,CARATINGA,7-BR-44HP-RJS,MAR,Petrobras 43,"1021,2",0,"49,049",0,"893,608",,,,,,,,
2026,01/2026,Rio de Janeiro,Campos,CARATINGA,7-CRT-51D-RJS,MAR,Petrobras 48,"8611,552",0,"925,481",0,"564,316",,,,,,,,
2026,01/2026,Rio de Janeiro,Campos,CARATINGA,7-BR-60HP-RJS,MAR,Petrobras 43,"935,122",0,"51,88",0,"66,759",,,,,,,,
2026,01/2026,Rio de Janeiro,Santos,SUL DE TUPI,7-LL-106DA-RJS,MAR,FPSO CIDADE DE SAQUAREMA,"3261,268",0,"2071,108",0,"1397,366",,,,,,,,
2026,01/2026,Rio de Janeiro,Santos,SUL DE TUPI,7-LL-60D-RJS,MAR,Petrobras 66,"231,653",0,"99,872",0,"261,216",,,,,,,,
2026,01/2026,Rio de Janeiro,Santos,SUL DE TUPI,7-TUP-132DA-RJS,MAR,FPSO CIDADE DE MARICÁ,"7367,889",0,"1922,862",0,"199,259",,,,,,,,
2026,01/2026,Rio de Janeiro,Santos,SUL DE TUPI,7-LL-110D-RJS,MAR,Petrobras 67,"6770,384",0,"1609,457",0,"1358,555",,,,,,,,
2026,01/2026,Rio de Janeiro,Santos,SUL DE TUPI,7-LL-95D-RJS,MAR,FPSO CIDADE DE ANGRA DOS REIS,"5766,664",0,"1226,041",0,"638,775",,,,,,,,
2026,01/2026,Rio Grande do Norte,Potiguar,PESCADA,3-RNS-85-RN,MAR,PLATAFORMA DE PESCADA 2,"365,962",0,"517,881",0,"1,795",,,,,,,,
2026,01/2026,Rio de Janeiro,Campos,VOADOR,9-MRL-231DA-RJS,MAR,FPSO ANITA GARIBALDI,"16547,887",0,"2921,158",0,"56,713",,,,,,,,
2026,01/2026,Rio de Janeiro,Campos,VOADOR,6-BRSA-770D-RJS,MAR,FPSO ANITA GARIBALDI,"6831,632",0,"976,471",0,"73,731",,,,,,,,
2026,01/2026,Espírito Santo,Campos,BALEIA ANÃ,7-BLA-1HA-ESS,MAR,Petrobras 58,"19834,924",0,"1706,09",0,"110156,559",,,,,,,,
2026,01/2026,Rio de Janeiro,Santos,TAMBUATÁ,7-BUZ-18-RJS,MAR,Petrobras 76,"859,855",0,"222,688",0,"1,033",,,,,,,,
2026,01/2026,Rio de Janeiro,Santos,TAMBUATÁ,7-BUZ-17-RJS,MAR,Petrobras 74,"191,857",0,"64,026",0,"0,046",,,,,,,,
2026,01/2026,Rio de Janeiro,Santos,TAMBUATÁ,7-BUZ-12-RJS,MAR,PETROBRAS 77,"1412,717",0,"353,951",0,0,,,,,,,,
2026,01/2026,Rio de Janeiro,Santos,TAMBUATÁ,9-BUZ-1-RJS,MAR,Petrobras 76,"487,661",0,"114,947",0,0,,,,,,,,
2026,01/2026,Rio de Janeiro,Santos,TAMBUATÁ,7-BUZ-87D-RJS,MAR,FPSO ALMIRANTE TAMANDARE,"1353,156",0,"344,828",0,"0,508",,,,,,,,
2026,01/2026,Rio de Janeiro,Santos,TAMBUATÁ,3-BRSA-1064-RJS,MAR,Petrobras 76,"513,298",0,"127,25",0,"0,154",,,,,,,,
2026,01/2026,Rio de Janeiro,Santos,TAMBUATÁ,7-BUZ-46D-RJS,MAR,FPSO ALMIRANTE BARROSO,"1444,379",0,"356,585",0,"2,953",,,,,,,,
2026,01/2026,Rio de Janeiro,Santos,TAMBUATÁ,7-BUZ-36DA-RJS,MAR,PETROBRAS 77,"153,678",0,"66,873",0,"0,015",,,,,,,,
2026,01/2026,Rio de Janeiro,Santos,TAMBUATÁ,7-BUZ-45DA-RJS,MAR,FPSO ALMIRANTE BARROSO,"1258,538",0,"310,663",0,"0,26",,,,,,,,
2026,01/2026,Rio de Janeiro,Santos,TAMBUATÁ,9-BUZ-4-RJS,MAR,PETROBRAS 77,"1066,063",0,"317,966",0,0,,,,,,,,
2026,01/2026,Rio de Janeiro,Santos,TAMBUATÁ,7-BUZ-85-RJS,MAR,FPSO ALMIRANTE TAMANDARE,"827,612",0,"214,949",0,"0,133",,,,,,,,
2026,01/2026,Rio de Janeiro,Santos,TAMBUATÁ,7-BUZ-70D-RJS,MAR,FPSO ALMIRANTE TAMANDARE,"1673,94",0,"480,668",0,"0,202",,,,,,,,
2026,01/2026,Rio de Janeiro,Santos,TAMBUATÁ,7-BUZ-31D-RJS,MAR,Petrobras 76,"0,01",0,"0,005",0,0,,,,,,,,
2026,01/2026,Rio de Janeiro,Santos,TAMBUATÁ,7-BUZ-23-RJS,MAR,Petrobras 75,"1028,595",0,"364,881",0,"0,533",,,,,,,,
2026,01/2026,Rio de Janeiro,Santos,TAMBUATÁ,7-BUZ-25-RJS,MAR,Petrobras 74,"1451,221",0,"348,147",0,"0,038",,,,,,,,
2026,01/2026,Rio de Janeiro,Santos,TAMBUATÁ,7-BUZ-10-RJS,MAR,Petrobras 75,"1284,414",0,"392,66",0,"0,552",,,,,,,,
2026,01/2026,Rio de Janeiro,Santos,TAMBUATÁ,7-BUZ-14DA-RJS,MAR,Petrobras 74,"1273,619",0,"326,018",0,"0,328",,,,,,,,
2026,01/2026,Rio de Janeiro,Santos,TAMBUATÁ,3-BRSA-1184-RJS,MAR,PETROBRAS 77,"763,197",0,"176,233",0,"0,092",,,,,,,,
2026,01/2026,Rio de Janeiro,Santos,TAMBUATÁ,7-BUZ-24D-RJS,MAR,Petrobras 76,"598,801",0,"245,427",0,"0,645",,,,,,,,
2026,01/2026,Rio de Janeiro,Santos,TAMBUATÁ,7-BUZ-30-RJS,MAR,PETROBRAS 77,"1279,48",0,"319,538",0,"4,016",,,,,,,,
2026,01/2026,Rio de Janeiro,Santos,TAMBUATÁ,7-BUZ-33-RJS,MAR,FPSO ALMIRANTE BARROSO,"1516,295",0,"366,773",0,"0,303",,,,,,,,
2026,01/2026,Rio de Janeiro,Santos,TAMBUATÁ,9-BUZ-41-RJS,MAR,FPSO ALMIRANTE TAMANDARE,"1007,983",0,"260,845",0,"3,888",,,,,,,,
2026,01/2026,Rio de Janeiro,Santos,TAMBUATÁ,9-BUZ-7-RJS,MAR,Petrobras 74,"759,862",0,"212,496",0,"0,172",,,,,,,,
2026,01/2026,Rio de Janeiro,Santos,TAMBUATÁ,9-BRSA-1191-RJS,MAR,Petrobras 74,0,0,0,0,0,,,,,,,,
2026,01/2026,Rio de Janeiro,Santos,TAMBUATÁ,9-BRSA-1197-RJS,MAR,FPSO ALMIRANTE TAMANDARE,"1483,855",0,"377,913",0,"0,297",,,,,,,,
2026,01/2026,Rio de Janeiro,Santos,TAMBUATÁ,9-BUZ-3-RJS,MAR,Petrobras 75,"432,369",0,"192,747",0,"0,37",,,,,,,,
2026,01/2026,Rio de Janeiro,Santos,TAMBUATÁ,7-BUZ-29D-RJS,MAR,Petrobras 75,"426,943",0,"196,052",0,"0,371",,,,,,,,
2026,01/2026,Rio de Janeiro,Santos,TAMBUATÁ,3-BRSA-944A-RJS,MAR,FPSO ALMIRANTE BARROSO,"889,29",0,"218,049",0,"0,267",,,,,,,,
2026,01/2026,Rio de Janeiro,Santos,TAMBUATÁ,7-BUZ-74D-RJS,MAR,FPSO ALMIRANTE TAMANDARE,"1289,991",0,"329,808",0,"0,129",,,,,,,,
2026,01/2026,Rio de Janeiro,Santos,SUL DE TUPI,7-LL-115-RJS,MAR,Petrobras 67,"8949,723",0,"1861,827",0,"2,367",,,,,,,,
2026,01/2026,Rio de Janeiro,Santos,SUL DE TUPI,7-LL-22D-RJS,MAR,FPSO CIDADE DE PARATY,"6992,182",0,"1522,992",0,"1001,939",,,,,,,,
2026,01/2026,Rio de Janeiro,Santos,SUL DE TUPI,7-LL-66-RJS,MAR,FPSO CIDADE DE MARICÁ,"7812,712",0,"1702,213",0,"212,032",,,,,,,,
2026,01/2026,Rio de Janeiro,Santos,SUL DE TUPI,9-LL-12D-RJS,MAR,FPSO CIDADE DE MARICÁ,"7107,229",0,"2626,31",0,"584,619",,,,,,,,
2026,01/2026,Rio de Janeiro,Santos,SUL DE TUPI,7-TUP-128D-RJS,MAR,FPSO CIDADE DE MARICÁ,"4099,091",0,"1200,637",0,"845,374",,,,,,,,
2026,01/2026,Rio de Janeiro,Santos,SUL DE TUPI,7-LL-113D-RJS,MAR,Petrobras 67,"2981,506",0,"582,453",0,"0,941",,,,,,,,
2026,01/2026,Rio de Janeiro,Santos,SUL DE TUPI,7-TUP-124D-RJS,MAR,Petrobras 67,"8381,081",0,"1594,36",0,"198,591",,,,,,,,
2026,01/2026,Rio de Janeiro,Santos,SUL DE TUPI,8-LL-81D-RJS,MAR,FPSO CIDADE DE SAQUAREMA,"2554,872",0,"966,395",0,"2467,424",,,,,,,,
2026,01/2026,Rio de Janeiro,Santos,SUL DE TUPI,7-LL-80DB-RJS,MAR,FPSO CIDADE DE SAQUAREMA,"8561,702",0,"1885,251",0,1279,,,,,,,,
2026,01/2026,Rio de Janeiro,Santos,SUL DE TUPI,7-LL-119D-RJS,MAR,FPSO CIDADE DE PARATY,"8584,341",0,"2674,841",0,"1993,923",,,,,,,,
2026,01/2026,Rio de Janeiro,Santos,SUL DE TUPI,7-LL-68-RJS,MAR,Petrobras 67,"8357,088",0,"1667,864",0,"354,319",,,,,,,,
2026,01/2026,Rio de Janeiro,Santos,SUL DE TUPI,7-LL-67D-RJS,MAR,Petrobras 67,"3064,103",0,"1273,304",0,"132,335",,,,,,,,
2026,01/2026,Rio de Janeiro,Santos,SUL DE TUPI,7-LL-117D-RJS,MAR,Petrobras 67,"5507,38",0,"2118,375",0,"5,23",,,,,,,,
2026,01/2026,Rio de Janeiro,Santos,SUL DE TUPI,7-TUP-127-RJS,MAR,FPSO CIDADE DE PARATY,"9664,645",0,"1870,569",0,"31,935",,,,,,,,
2026,01/2026,Rio de Janeiro,Santos,SUL DE TUPI,3-BRSA-496-RJS,MAR,FPSO CIDADE DE ANGRA DOS REIS,"1248,917",0,"987,054",0,"626,923",,,,,,,,
2026,01/2026,Rio de Janeiro,Santos,SUL DE TUPI,3-BRSA-883-RJS,MAR,Petrobras 66,"5141,185",0,"3468,232",0,"1498,701",,,,,,,,
2026,01/2026,Rio de Janeiro,Santos,SUL DE TUPI,9-BRSA-908D-RJS,MAR,FPSO CIDADE DE ANGRA DOS REIS,"1823,897",0,"784,125",0,"548,137",,,,,,,,
2026,01/2026,Rio de Janeiro,Santos,SUL DE TUPI,7-LL-34D-RJS,MAR,Petrobras 67,"3925,633",0,"2715,87",0,"3,707",,,,,,,,
2026,01/2026,Rio de Janeiro,Santos,SUL DE TUPI,9-LL-7-RJS,MAR,FPSO CIDADE DE SAQUAREMA,"7517,061",0,"2454,3",0,"479,686",,,,,,,,
2026,01/2026,Rio de Janeiro,Santos,SUL DE TUPI,7-LL-59-RJS,MAR,FPSO CIDADE DE SAQUAREMA,"7228,152",0,"2646,567",0,"1176,364",,,,,,,,
2026,01/2026,Rio de Janeiro,Santos,SUL DE TUPI,7-LL-46-RJS,MAR,FPSO CIDADE DE SAQUAREMA,"3243,915",0,"1591,773",0,"2491,281",,,,,,,,
2026,01/2026,Rio de Janeiro,Santos,SUL DE TUPI,7-TUP-120D-RJS,MAR,FPSO CIDADE DE PARATY,"9596,821",0,"2555,126",0,"47,646",,,,,,,,
2026,01/2026,Rio de Janeiro,Santos,SUL DE TUPI,9-BRSA-716-RJS,MAR,FPSO CIDADE DE ANGRA DOS REIS,"2,086",0,"1,249",0,"0,187",,,,,,,,
2026,01/2026,Rio de Janeiro,Santos,SUL DE TUPI,7-LL-48D-RJS,MAR,FPSO CIDADE DE MARICÁ,"5455,016",0,"1305,197",0,"1180,48",,,,,,,,
2026,01/2026,Rio de Janeiro,Santos,SUL DE TUPI,3-BRSA-865A-RJS,MAR,FPSO CIDADE DE SAQUAREMA,"8268,47",0,"1993,945",0,"287,895",,,,,,,,
2026,01/2026,Rio de Janeiro,Santos,SUL DE TUPI,9-LL-19-RJS,MAR,Petrobras 67,"7466,265",0,"1722,391",0,"481,985",,,,,,,,
2026,01/2026,Rio de Janeiro,Santos,SUL DE TUPI,7-LL-15D-RJS,MAR,FPSO CIDADE DE PARATY,"5882,044",0,"1293,071",0,"4892,514",,,,,,,,
2026,01/2026,Rio de Janeiro,Santos,SUL DE TUPI,7-LL-102D-RJS,MAR,Petrobras 66,"6522,33",0,"2547,643",0,"1238,085",,,,,,,,
2026,01/2026,Rio de Janeiro,Santos,SÉPIA,7-SEP-7D-RJS,MAR,FPSO Carioca,"19879,611",0,"3550,094",0,"342,406",,,,,,,,
2026,01/2026,Rio de Janeiro,Santos,SÉPIA,9-BRSA-1254-RJS,MAR,FPSO Carioca,"31458,246",0,"5708,419",0,"12,076",,,,,,,,
2026,01/2026,Rio de Janeiro,Santos,SÉPIA,3-BRSA-1201-RJS,MAR,FPSO Carioca,"17655,121",0,"6507,856",0,"1268,173",,,,,,,,
2026,01/2026,Rio de Janeiro,Santos,SÉPIA,1-BRSA-976-RJS,MAR,FPSO Carioca,"14138,351",0,"4946,557",0,"10,376",,,,,,,,
2026,01/2026,Rio de Janeiro,Santos,SÉPIA,7-SEP-6-RJS,MAR,FPSO Carioca,"19890,163",0,"3611,143",0,"16,974",,,,,,,,
2026,01/2026,Rio de Janeiro,Santos,ITAPU,1-BRSA-1116-RJS,MAR,PETROBRAS 71,"79512,296",0,"19932,939",0,"210,77",,,,,,,,
2026,01/2026,Rio de Janeiro,Santos,OESTE DE ATAPU,9-ATP-1-RJS,MAR,PETROBRAS 70,"12727,899",0,"2725,243",0,"3,508",,,,,,,,
2026,01/2026,Rio de Janeiro,Santos,OESTE DE ATAPU,7-OATP-1-RJS,MAR,PETROBRAS 70,"7960,186",0,"1822,139",0,"100,021",,,,,,,,
2026,01/2026,Rio de Janeiro,Santos,OESTE DE ATAPU,7-ATP-6-RJS,MAR,PETROBRAS 70,"12812,884",0,"3009,244",0,"3,663",,,,,,,,
2026,01/2026,Rio de Janeiro,Santos,OESTE DE ATAPU,9-BRSA-1284-RJS,MAR,PETROBRAS 70,"7605,84",0,"1766,461",0,"1,15",,,,,,,,
2026,01/2026,Rio de Janeiro,Santos,ATAPU,9-BRSA-1284-RJS,MAR,PETROBRAS 70,"14467,264",0,"3360,03",0,"2,187",,,,,,,,
2026,01/2026,Rio de Janeiro,Santos,ATAPU,7-OATP-1-RJS,MAR,PETROBRAS 70,"15141,271",0,"3465,938",0,"190,255",,,,,,,,
2026,01/2026,Rio de Janeiro,Santos,ATAPU,7-ATP-6-RJS,MAR,PETROBRAS 70,"24371,712",0,"5723,959",0,"6,966",,,,,,,,
2026,01/2026,Rio de Janeiro,Santos,ATAPU,9-ATP-1-RJS,MAR,PETROBRAS 70,"24210,059",0,"5183,754",0,"6,673",,,,,,,,
2026,01/2026,Rio de Janeiro,Santos,SUL DE BERBIGÃO,4-BRSA-1226-RJS,MAR,Petrobras 68,"63226,452",0,"35689,813",0,"26,723",,,,,,,,
2026,01/2026,Rio de Janeiro,Santos,SÉPIA LESTE,1-BRSA-976-RJS,MAR,FPSO Carioca,"6201,23",0,"2169,612",0,"4,551",,,,,,,,
2026,01/2026,Rio de Janeiro,Santos,SÉPIA LESTE,7-SEP-6-RJS,MAR,FPSO Carioca,"8724,035",0,"1583,885",0,"7,445",,,,,,,,
2026,01/2026,Rio de Janeiro,Santos,SÉPIA LESTE,9-BRSA-1254-RJS,MAR,FPSO Carioca,"13797,918",0,"2503,772",0,"5,296",,,,,,,,
2026,01/2026,Rio de Janeiro,Santos,SÉPIA LESTE,7-SEP-7D-RJS,MAR,FPSO Carioca,"8719,406",0,"1557,109",0,"150,183",,,,,,,,
2026,01/2026,Rio de Janeiro,Santos,SÉPIA LESTE,3-BRSA-1201-RJS,MAR,FPSO Carioca,"7743,721",0,"2854,415",0,"556,234",,,,,,,,
2026,01/2026,Rio de Janeiro,Santos,MERO,7-MRO-6DB-RJS,MAR,FPSO Guanabara,"110968,098",0,"45657,039",0,"111,079",,,,,,,,
2026,01/2026,Rio de Janeiro,Santos,MERO,7-MRO-17A-RJS,MAR,FPSO SEPETIBA,"200809,199",0,"82433,268",0,"346,996",,,,,,,,
2026,01/2026,Rio de Janeiro,Santos,MERO,3-BRSA-1355D-RJS,MAR,FPSO Guanabara,"120899,063",0,"49397,074",0,"181,621",,,,,,,,
2026,01/2026,Rio de Janeiro,Santos,MERO,7-MRO-10B-RJS,MAR,FPSO Guanabara,"76608,283",0,"32291,099",0,"76,684",,,,,,,,
2026,01/2026,Rio de Janeiro,Santos,MERO,7-MRO-27D-RJS,MAR,FPSO SEPETIBA,"213750,927",0,"87272,367",0,"360,883",,,,,,,,
2026,01/2026,Rio de Janeiro,Santos,MERO,7-MRO-3-RJS,MAR,FPSO Guanabara,"193041,763",0,"79789,469",0,"970,059",,,,,,,,
2026,01/2026,Rio de Janeiro,Santos,MERO,3-BRSA-1322-RJS,MAR,FPSO PIONEIRO DE LIBRA,"195438,419",0,"81056,692",0,"666,756",,,,,,,,
2026,01/2026,Rio de Janeiro,Santos,MERO,7-MRO-18D-RJS,MAR,FPSO SEPETIBA,"191774,845",0,"80514,802",0,"345,816",,,,,,,,
2026,01/2026,Rio de Janeiro,Santos,MERO,7-MRO-7A-RJS,MAR,FPSO Guanabara,"175616,841",0,"72602,851",0,"175,793",,,,,,,,
2026,01/2026,Rio de Janeiro,Santos,MERO,7-MRO-16D-RJS,MAR,FPSO SEPETIBA,"195390,155",0,"81117,397",0,"382,745",,,,,,,,
2026,01/2026,Rio de Janeiro,Santos,MERO,3-BRSA-1255-RJS,MAR,FPSO Guanabara,"202114,465",0,"83018,923",0,"202,317",,,,,,,,
2026,01/2026,Rio de Janeiro,Santos,MERO,3-BRSA-1305A-RJS,MAR,FPSO SEPETIBA,"41320,46",0,"20922,38",0,"110,679",,,,,,,,
2026,01/2026,Rio de Janeiro,Santos,MERO,7-MRO-20D-RJS,MAR,FPSO MARECHAL DUQUE DE CAXIAS,"216033,665",0,"88165,469",0,"439,808",,,,,,,,
2026,01/2026,São Paulo,Santos,SUDOESTE DE SAPINHOÁ,7-SPH-5-SPS,MAR,FPSO CIDADE DE SÃO PAULO,"352,222",0,"158,919",0,"541,444",,,,,,,,
2026,01/2026,São Paulo,Santos,SUDOESTE DE SAPINHOÁ,7-SPH-2D-SPS,MAR,FPSO CIDADE DE SÃO PAULO,"848,437",0,"207,94",0,"363,744",,,,,,,,
2026,01/2026,São Paulo,Santos,SUDOESTE DE SAPINHOÁ,7-SPH-17-SPS,MAR,FPSO CIDADE DE ILHABELA,"279,201",0,"131,509",0,"942,637",,,,,,,,
2026,01/2026,São Paulo,Santos,SUDOESTE DE SAPINHOÁ,7-SPH-7D-SPS,MAR,FPSO CIDADE DE ILHABELA,"331,172",0,"86,82",0,"109,923",,,,,,,,
2026,01/2026,São Paulo,Santos,SUDOESTE DE SAPINHOÁ,7-SPH-20D-SPS,MAR,FPSO CIDADE DE ILHABELA,"665,932",0,"149,98",0,"628,164",,,,,,,,
2026,01/2026,São Paulo,Santos,SUDOESTE DE SAPINHOÁ,7-SPH-16D-SPS,MAR,FPSO CIDADE DE ILHABELA,"332,817",0,"106,53",0,"575,232",,,,,,,,
2026,01/2026,São Paulo,Santos,SUDOESTE DE SAPINHOÁ,7-SPH-4D-SPS,MAR,FPSO CIDADE DE SÃO PAULO,"802,126",0,"191,225",0,"227,892",,,,,,,,
2026,01/2026,São Paulo,Santos,SUDOESTE DE SAPINHOÁ,7-SPH-22-SPS,MAR,FPSO CIDADE DE SÃO PAULO,"1672,632",0,"605,937",0,"134,66",,,,,,,,
2026,01/2026,São Paulo,Santos,SUDOESTE DE SAPINHOÁ,7-SPH-1-SPS,MAR,FPSO CIDADE DE SÃO PAULO,"174,867",0,"71,373",0,"371,405",,,,,,,,
2026,01/2026,São Paulo,Santos,SUDOESTE DE SAPINHOÁ,7-SPH-14D-SPS,MAR,FPSO CIDADE DE ILHABELA,"798,393",0,"358,281",0,"578,023",,,,,,,,
2026,01/2026,São Paulo,Santos,SUDOESTE DE SAPINHOÁ,7-SPH-3-SPS,MAR,FPSO CIDADE DE SÃO PAULO,"706,556",0,"241,09",0,"240,587",,,,,,,,
2026,01/2026,São Paulo,Santos,SUDOESTE DE SAPINHOÁ,9-BRSA-928-SPS,MAR,FPSO CIDADE DE SÃO PAULO,"237,949",0,"76,796",0,"764,247",,,,,,,,
2026,01/2026,São Paulo,Santos,SUDOESTE DE SAPINHOÁ,7-SPH-8-SPS,MAR,FPSO CIDADE DE ILHABELA,"1046,252",0,"217,937",0,"434,389",,,,,,,,
2026,01/2026,Rio de Janeiro,Santos,TUPI,7-LL-103D-RJS,MAR,FPSO CIDADE DE ITAGUAÍ,"33063,857",0,"9917,036",0,"62021,735",,,,,,,,
2026,01/2026,Rio de Janeiro,Santos,TUPI,7-LL-117D-RJS,MAR,Petrobras 67,"58243,096",0,"22402,793",0,"55,307",,,,,,,,
2026,01/2026,Rio de Janeiro,Santos,TUPI,7-LL-91-RJS,MAR,FPSO CIDADE DE SAQUAREMA,"91521,143",0,"23051,669",0,"580,086",,,,,,,,
2026,01/2026,Rio de Janeiro,Santos,TUPI,7-LL-106DA-RJS,MAR,FPSO CIDADE DE SAQUAREMA,"34489,426",0,"21902,932",0,"14777,792",,,,,,,,
2026,01/2026,Rio de Janeiro,Santos,TUPI,7-TUP-125A-RJS,MAR,FPSO CIDADE DE MANGARATIBA,"83037,221",0,"25459,351",0,"46627,784",,,,,,,,
2026,01/2026,Rio de Janeiro,Santos,TUPI,7-LL-115-RJS,MAR,Petrobras 67,"94647,473",0,"19689,683",0,"25,032",,,,,,,,
2026,01/2026,Rio de Janeiro,Santos,TUPI,7-LL-66-RJS,MAR,FPSO CIDADE DE MARICÁ,"82623,051",0,"18001,692",0,"2242,333",,,,,,,,
2026,01/2026,Rio de Janeiro,Santos,TUPI,7-LL-60D-RJS,MAR,Petrobras 66,"2449,834",0,"1056,196",0,"2762,477",,,,,,,,
2026,01/2026,Rio de Janeiro,Santos,TUPI,9-LL-2-RJS,MAR,FPSO CIDADE DE MANGARATIBA,"126563,637",0,"59763,311",0,"87,009",,,,,,,,
2026,01/2026,Rio de Janeiro,Santos,TUPI,7-TUP-127-RJS,MAR,FPSO CIDADE DE PARATY,"102208,101",0,"19782,136",0,"337,723",,,,,,,,
2026,01/2026,Rio de Janeiro,Santos,TUPI,7-LL-61-RJS,MAR,FPSO CIDADE DE MARICÁ,"73486,589",0,"16625,866",0,"1857,568",,,,,,,,
2026,01/2026,Rio de Janeiro,Santos,TUPI,3-BRSA-865A-RJS,MAR,FPSO CIDADE DE SAQUAREMA,"87442,907",0,"21086,899",0,"3044,623",,,,,,,,
2026,01/2026,Rio de Janeiro,Santos,TUPI,7-LL-48D-RJS,MAR,FPSO CIDADE DE MARICÁ,"57689,323",0,"13803,069",0,"12484,126",,,,,,,,
2026,01/2026,Rio de Janeiro,Santos,TUPI,7-LL-119D-RJS,MAR,FPSO CIDADE DE PARATY,"90783,391",0,"28287,688",0,"21086,66",,,,,,,,
2026,01/2026,Rio de Janeiro,Santos,TUPI,7-LL-113D-RJS,MAR,Petrobras 67,"31530,811",0,"6159,709",0,"9,949",,,,,,,,
2026,01/2026,Rio de Janeiro,Santos,TUPI,3-BRSA-496-RJS,MAR,FPSO CIDADE DE ANGRA DOS REIS,"13207,872",0,"10438,557",0,"6629,997",,,,,,,,
2026,01/2026,Rio de Janeiro,Santos,TUPI,7-TUP-132DA-RJS,MAR,FPSO CIDADE DE MARICÁ,"77918,849",0,"20335,154",0,"2107,26",,,,,,,,
2026,01/2026,Rio de Janeiro,Santos,TUPI,7-TUP-128D-RJS,MAR,FPSO CIDADE DE MARICÁ,"43349,793",0,"12697,297",0,"8940,221",,,,,,,,
2026,01/2026,Rio de Janeiro,Santos,TUPI,7-LL-67D-RJS,MAR,Petrobras 67,"32404,312",0,"13465,781",0,"1399,504",,,,,,,,
2026,01/2026,Rio de Janeiro,Santos,TUPI,7-LL-80DB-RJS,MAR,FPSO CIDADE DE SAQUAREMA,"90543,968",0,"19937,407",0,"13526,023",,,,,,,,
2026,01/2026,Rio de Janeiro,Santos,TUPI,8-LL-81D-RJS,MAR,FPSO CIDADE DE SAQUAREMA,"27018,96",0,"10220,08",0,"26094,159",,,,,,,,
2026,01/2026,Rio de Janeiro,Santos,TUPI,7-LL-22D-RJS,MAR,FPSO CIDADE DE PARATY,"73945,572",0,"16106,343",0,"10595,971",,,,,,,,
2026,01/2026,Rio de Janeiro,Santos,TUPI,9-BRSA-908D-RJS,MAR,FPSO CIDADE DE ANGRA DOS REIS,"19288,559",0,"8292,488",0,"5796,801",,,,,,,,
2026,01/2026,Rio de Janeiro,Santos,TUPI,7-TUP-120D-RJS,MAR,FPSO CIDADE DE PARATY,"101490,837",0,"27021,639",0,"503,876",,,,,,,,
2026,01/2026,Rio de Janeiro,Santos,TUPI,7-LL-34D-RJS,MAR,Petrobras 67,"41515,392",0,"28721,589",0,"39,203",,,,,,,,
2026,01/2026,Rio de Janeiro,Santos,TUPI,7-LL-102D-RJS,MAR,Petrobras 66,"68976,664",0,"26942,509",0,"13093,324",,,,,,,,
2026,01/2026,Rio de Janeiro,Santos,TUPI,9-LL-19-RJS,MAR,Petrobras 67,"78959,217",0,"18215,08",0,"5097,212",,,,,,,,
2026,01/2026,Rio de Janeiro,Santos,TUPI,9-LL-20D-RJS,MAR,FPSO CIDADE DE ITAGUAÍ,"143205,58",0,"53525,658",0,"86,12",,,,,,,,
2026,01/2026,Rio de Janeiro,Santos,TUPI,3-BRSA-883-RJS,MAR,Petrobras 66,"54370,416",0,"36678,16",0,"15849,457",,,,,,,,
2026,01/2026,Rio de Janeiro,Santos,TUPI,9-LL-7-RJS,MAR,FPSO CIDADE DE SAQUAREMA,"79496,409",0,"25955,363",0,"5072,9",,,,,,,,
2026,01/2026,Rio de Janeiro,Santos,TUPI,7-LL-95D-RJS,MAR,FPSO CIDADE DE ANGRA DOS REIS,"60985,149",0,"12965,954",0,"6755,347",,,,,,,,
2026,01/2026,São Paulo,Santos,BACALHAU NORTE,7-BAC-5A-SPS,MAR,FPSO BACALHAU,"77976,753",0,"28782,385",0,"191,223",,,,,,,,
2026,01/2026,São Paulo,Santos,BACALHAU,7-BAC-5A-SPS,MAR,FPSO BACALHAU,"71978,541",0,"26568,355",0,"176,513",,,,,,,,
2026,01/2026,Espírito Santo,Espírito Santo,GOLFINHO,7-GLF-38H-ESS,MAR,FPSO CIDADE DE VITÓRIA,"8236,413",0,"528,771",0,"71410,383",,,,,,,,
2026,01/2026,Espírito Santo,Espírito Santo,GOLFINHO,7-GLF-27HA-ESS,MAR,FPSO CIDADE DE VITÓRIA,"12448,068",0,"780,419",0,"126085,125",,,,,,,,
2026,01/2026,Espírito Santo,Espírito Santo,GOLFINHO,7-GLF-28HA-ESS,MAR,FPSO CIDADE DE VITÓRIA,0,0,0,0,0,,,,,,,,
2026,01/2026,São Paulo,Santos,LAPA,7-LPA-6D-SPS,MAR,FPSO Cidade de Caraguatatuba - CCG (MV-27),"103825,19",0,"35390,619",0,"13984,66",,,,,,,,
2026,01/2026,Rio de Janeiro,Campos,POLVO,7-POL-47H-RJS,MAR,Polvo A,"3612,439",0,"38,926",0,"10270,103",,,,,,,,
2026,01/2026,Rio de Janeiro,Campos,POLVO,7-POL-38HP-RJS,MAR,Polvo A,0,0,0,0,0,,,,,,,,
2026,01/2026,Rio de Janeiro,Campos,POLVO,7-POL-32HP-RJS,MAR,Polvo A,"1831,216",0,"88,894",0,"30626,515",,,,,,,,
2026,01/2026,Rio de Janeiro,Campos,POLVO,7-POL-24HP-RJS,MAR,Polvo A,"5805,149",0,"149,314",0,"33017,421",,,,,,,,
2026,01/2026,Rio de Janeiro,Campos,POLVO,7-POL-49H-RJS,MAR,Polvo A,"7311,683",0,"225,199",0,"3190,74",,,,,,,,
2026,01/2026,Rio de Janeiro,Campos,PEREGRINO,7-PRG-66HP-RJS,MAR,PEREGRINO B,"1737,287",0,"12,487",0,"20998,676",,,,,,,,
2026,01/2026,Rio de Janeiro,Campos,PEREGRINO,7-PRG-10H-RJS,MAR,PEREGRINO B,0,0,0,0,0,,,,,,,,
2026,01/2026,Rio de Janeiro,Campos,PEREGRINO,7-PRG-51H-RJS,MAR,PEREGRINO B,"5694,617",0,"40,308",0,"60561,517",,,,,,,,
2026,01/2026,Rio de Janeiro,Campos,PEREGRINO,7-PRG-47H-RJS,MAR,PEREGRINO B,"834,59",0,"5,6",0,"16381,69",,,,,,,,
2026,01/2026,Rio de Janeiro,Campos,PEREGRINO,7-PRG-29H-RJS,MAR,PEREGRINO B,0,0,0,0,0,,,,,,,,
2026,01/2026,Rio de Janeiro,Campos,PEREGRINO,7-PRG-71HPA-RJS,MAR,PEREGRINO B,"4301,736",0,"19,83",0,"5998,016",,,,,,,,
2026,01/2026,Rio de Janeiro,Campos,PEREGRINO,7-PRG-45H-RJS,MAR,PEREGRINO B,0,0,0,0,0,,,,,,,,
2026,01/2026,Rio de Janeiro,Campos,PEREGRINO,7-PRG-42H-RJS,MAR,PEREGRINO B,0,0,0,0,0,,,,,,,,
2026,01/2026,Rio de Janeiro,Campos,PEREGRINO,7-PRG-5H-RJS,MAR,PEREGRINO B,0,0,0,0,0,,,,,,,,
2026,01/2026,Rio de Janeiro,Campos,PEREGRINO,7-PRG-64HP-RJS,MAR,PEREGRINO B,0,0,0,0,0,,,,,,,,
2026,01/2026,Rio de Janeiro,Campos,PEREGRINO,7-PRG-12HA-RJS,MAR,PEREGRINO B,0,0,0,0,0,,,,,,,,
2026,01/2026,Rio de Janeiro,Campos,PEREGRINO,7-PRG-96HP-RJS,MAR,PEREGRINO C,"44548,18",0,"115,113",0,0,,,,,,,,
2026,01/2026,Rio de Janeiro,Campos,PEREGRINO,7-PRG-93H-RJS,MAR,PEREGRINO C,"42173,901",0,"108,995",0,0,,,,,,,,
2026,01/2026,Rio de Janeiro,Campos,PEREGRINO,7-PRG-92H-RJS,MAR,PEREGRINO C,0,0,0,0,0,,,,,,,,
2026,01/2026,Rio de Janeiro,Campos,PEREGRINO,7-PRG-91H-RJS,MAR,PEREGRINO C,0,0,0,0,0,,,,,,,,
2026,01/2026,Rio de Janeiro,Campos,PEREGRINO,7-PRG-95HP-RJS,MAR,PEREGRINO C,"14920,469",0,"207,879",0,"59047,104",,,,,,,,
2026,01/2026,Rio de Janeiro,Campos,PEREGRINO,7-PRG-85HA-RJS,MAR,PEREGRINO C,"11460,483",0,"201,009",0,"33958,262",,,,,,,,
2026,01/2026,Rio de Janeiro,Campos,PEREGRINO,7-PRG-80HP-RJS,MAR,PEREGRINO C,"22562,551",0,"314,428",0,"239,891",,,,,,,,
2026,01/2026,Rio de Janeiro,Campos,PEREGRINO,7-PRG-54H-RJS,MAR,PEREGRINO B,"10230,095",0,"22,996",0,"29095,123",,,,,,,,
2026,01/2026,Rio de Janeiro,Campos,PEREGRINO,7-PRG-82H-RJS,MAR,PEREGRINO C,"42188,426",0,"1412,708",0,"448,212",,,,,,,,
2026,01/2026,Rio de Janeiro,Campos,PEREGRINO,7-PRG-83H-RJS,MAR,PEREGRINO C,"9687,048",0,"233,959",0,"64957,509",,,,,,,,
2026,01/2026,Rio de Janeiro,Campos,PEREGRINO,7-PRG-35HPA-RJS,MAR,PEREGRINO B,"5622,263",0,"31,61",0,"48440,254",,,,,,,,
2026,01/2026,Rio de Janeiro,Campos,PEREGRINO,7-PRG-41HA-RJS,MAR,PEREGRINO B,"6166,383",0,"38,782",0,"10311,474",,,,,,,,
2026,01/2026,Rio de Janeiro,Campos,PEREGRINO,7-PRG-76HB-RJS,MAR,PEREGRINO C,"62858,165",0,"2083,25",0,"9366,691",,,,,,,,
2026,01/2026,Rio de Janeiro,Campos,PEREGRINO,7-PRG-88HP-RJS,MAR,PEREGRINO A,"11575,03",0,"54,629",0,0,,,,,,,,
2026,01/2026,Rio de Janeiro,Campos,PEREGRINO,7-PRG-44H-RJS,MAR,PEREGRINO B,0,0,0,0,0,,,,,,,,
2026,01/2026,Rio de Janeiro,Campos,PEREGRINO,7-PRG-63H-RJS,MAR,PEREGRINO A,"5562,638",0,"60,654",0,"26888,89",,,,,,,,
2026,01/2026,Rio de Janeiro,Campos,PEREGRINO,7-PRG-62H-RJS,MAR,PEREGRINO A,"14897,003",0,"80,366",0,"30473,377",,,,,,,,
2026,01/2026,Rio de Janeiro,Campos,PEREGRINO,7-PRG-67H-RJS,MAR,PEREGRINO A,0,0,0,0,0,,,,,,,,
2026,01/2026,Rio de Janeiro,Campos,PEREGRINO,7-PRG-3H-RJS,MAR,PEREGRINO A,"11246,917",0,"204,804",0,"51312,009",,,,,,,,
2026,01/2026,Rio de Janeiro,Campos,PEREGRINO,7-PRG-19HA-RJS,MAR,PEREGRINO A,0,0,0,0,0,,,,,,,,
2026,01/2026,Rio de Janeiro,Campos,PEREGRINO,7-PRG-43H-RJS,MAR,PEREGRINO A,0,0,0,0,0,,,,,,,,
2026,01/2026,Rio de Janeiro,Campos,PEREGRINO,7-PRG-31H-RJS,MAR,PEREGRINO A,"13225,082",0,"63,929",0,"3477,519",,,,,,,,
2026,01/2026,Rio de Janeiro,Campos,PEREGRINO,7-PRG-34HP-RJS,MAR,PEREGRINO A,0,0,0,0,0,,,,,,,,
2026,01/2026,Rio de Janeiro,Campos,PEREGRINO,7-PRG-81H-RJS,MAR,PEREGRINO A,"19714,118",0,"141,804",0,"8201,904",,,,,,,,
2026,01/2026,Rio de Janeiro,Campos,PEREGRINO,7-PRG-46H-RJS,MAR,PEREGRINO A,0,0,0,0,0,,,,,,,,
2026,01/2026,Rio de Janeiro,Campos,PEREGRINO,7-PRG-72HP-RJS,MAR,PEREGRINO A,"8047,547",0,"75,102",0,"34248,262",,,,,,,,
2026,01/2026,Rio de Janeiro,Campos,PEREGRINO,7-PRG-69H-RJS,MAR,PEREGRINO A,"19957,717",0,"114,364",0,"4608,16",,,,,,,,
2026,01/2026,Rio de Janeiro,Campos,PEREGRINO,7-PRG-49H-RJS,MAR,PEREGRINO A,0,0,0,0,0,,,,,,,,
2026,01/2026,Rio de Janeiro,Campos,PEREGRINO,7-PRG-60H-RJS,MAR,PEREGRINO A,"6556,864",0,"50,832",0,"15850,538",,,,,,,,
2026,01/2026,Rio de Janeiro,Campos,PEREGRINO,7-PRG-27H-RJS,MAR,PEREGRINO A,"10953,125",0,"107,061",0,"52465,349",,,,,,,,
2026,01/2026,Rio de Janeiro,Campos,PEREGRINO,7-PRG-73HP-RJS,MAR,PEREGRINO A,"13714,946",0,"89,392",0,"23630,7",,,,,,,,
2026,01/2026,Rio de Janeiro,Campos,PEREGRINO,7-PRG-25H-RJS,MAR,PEREGRINO A,0,0,0,0,0,,,,,,,,
2026,01/2026,Rio de Janeiro,Campos,PEREGRINO,7-PRG-74H-RJS,MAR,PEREGRINO A,"10631,469",0,"60,828",0,"3149,068",,,,,,,,
2026,01/2026,Rio de Janeiro,Campos,PEREGRINO,7-PRG-70H-RJS,MAR,PEREGRINO A,"21157,738",0,"185,423",0,"43202,724",,,,,,,,
2026,01/2026,Rio de Janeiro,Campos,PEREGRINO,7-PRG-57HA-RJS,MAR,PEREGRINO A,"19854,81",0,"113,789",0,"61220,374",,,,,,,,
2026,01/2026,Rio de Janeiro,Campos,PEREGRINO,7-PRG-55H-RJS,MAR,PEREGRINO A,"6953,3",0,"39,841",0,"27930,083",,,,,,,,
2026,01/2026,Rio de Janeiro,Campos,PEREGRINO,7-PRG-11H-RJS,MAR,PEREGRINO A,"4186,438",0,"47,539",0,"25327,482",,,,,,,,
2026,01/2026,Rio de Janeiro,Campos,MARLIM,7-MRL-233H-RJS,MAR,FPSO ANNA NERY,"29598,13",0,"3677,992",0,"29,628",,,,,,,,
2026,01/2026,Rio de Janeiro,Campos,MARLIM,7-MLS-10HPB-RJS,MAR,Petrobras 40,"1139,681",0,"147,585",0,"6368,085",,,,,,,,
2026,01/2026,Rio de Janeiro,Campos,MARLIM,7-MRL-218HP-RJS,MAR,FPSO ANITA GARIBALDI,"21918,33",0,"1620,949",0,"15101,559",,,,,,,,
2026,01/2026,Rio de Janeiro,Santos,AnC_TUPI,7-TUP-122D-RJS,MAR,FPSO CIDADE DE ANGRA DOS REIS,"395,896",0,"80,51",0,"59,509",,,,,,,,
2026,01/2026,Rio de Janeiro,Santos,AnC_TUPI,7-TUP-123D-RJS,MAR,Petrobras 69,"343,653",0,"72,298",0,"1,097",,,,,,,,
2026,01/2026,Rio de Janeiro,Santos,AnC_TUPI,7-LL-90D-RJS,MAR,Petrobras 66,"468,086",0,"117,083",0,"191,337",,,,,,,,
2026,01/2026,Rio de Janeiro,Santos,AnC_TUPI,7-LL-97-RJS,MAR,Petrobras 66,"148,4",0,"33,379",0,"16,352",,,,,,,,
2026,01/2026,Rio de Janeiro,Santos,AnC_TUPI,7-SLL-3-RJS,MAR,Petrobras 69,"289,218",0,"148,547",0,"0,063",,,,,,,,
2026,01/2026,Rio de Janeiro,Santos,AnC_TUPI,3-BRSA-854-RJS,MAR,Petrobras 69,"809,478",0,"175,388",0,"2,235",,,,,,,,
2026,01/2026,Rio de Janeiro,Santos,AnC_TUPI,7-LL-69-RJS,MAR,Petrobras 66,"737,715",0,"161,268",0,"127,468",,,,,,,,
2026,01/2026,Rio de Janeiro,Santos,AnC_TUPI,4-BRSA-1047-RJS,MAR,Petrobras 69,"0,113",0,"0,023",0,"0,086",,,,,,,,
2026,01/2026,Rio de Janeiro,Santos,AnC_TUPI,7-SLL-2-RJS,MAR,Petrobras 69,"1029,048",0,"197,649",0,"24,563",,,,,,,,
2026,01/2026,Rio de Janeiro,Santos,AnC_TUPI,7-SLL-5-RJS,MAR,Petrobras 69,"885,886",0,"379,749",0,"8,576",,,,,,,,
2026,01/2026,Rio de Janeiro,Santos,AnC_TUPI,7-SLL-8D-RJS,MAR,Petrobras 69,"401,284",0,"98,971",0,"5,581",,,,,,,,
2026,01/2026,Rio de Janeiro,Santos,AnC_TUPI,7-LL-100-RJS,MAR,Petrobras 66,"746,546",0,"236,998",0,"2,442",,,,,,,,
2026,01/2026,Rio de Janeiro,Santos,AnC_TUPI,7-LL-105-RJS,MAR,Petrobras 66,"804,561",0,"263,374",0,"64,78",,,,,,,,
2026,01/2026,Rio de Janeiro,Santos,AnC_TUPI,7-LL-70-RJS,MAR,Petrobras 69,"786,366",0,"370,57",0,"1,449",,,,,,,,
2026,01/2026,Rio de Janeiro,Santos,AnC_MERO,7-MRO-33-RJS,MAR,FPSO MARECHAL DUQUE DE CAXIAS,"5762,471",0,"2344,16",0,"11,254",,,,,,,,
2026,01/2026,Rio de Janeiro,Santos,AnC_MERO,3-BRSA-1339A-RJS,MAR,FPSO MARECHAL DUQUE DE CAXIAS,"6261,751",0,"2556,17",0,"10,662",,,,,,,,
2026,01/2026,Rio de Janeiro,Santos,AnC_MERO,3-BRSA-1345-RJS,MAR,FPSO MARECHAL DUQUE DE CAXIAS,"7781,583",0,"3189,727",0,"13,446",,,,,,,,
2026,01/2026,Rio de Janeiro,Santos,AnC_MERO,7-MRO-29D-RJS,MAR,FPSO MARECHAL DUQUE DE CAXIAS,"5520,523",0,"2285,901",0,"9,956",,,,,,,,
2026,01/2026,Rio de Janeiro,Santos,TUPI,7-LL-69-RJS,MAR,Petrobras 66,"80236,452",0,"17540,02",0,"13863,903",,,,,,,,
2026,01/2026,Rio de Janeiro,Santos,TUPI,7-SLL-8D-RJS,MAR,Petrobras 69,"43645,069",0,"10764,379",0,"607,051",,,,,,,,
2026,01/2026,Rio de Janeiro,Santos,TUPI,7-SLL-2-RJS,MAR,Petrobras 69,"111922,879",0,"21496,991",0,"2671,58",,,,,,,,
2026,01/2026,Rio de Janeiro,Santos,TUPI,7-LL-90D-RJS,MAR,Petrobras 66,"50910,697",0,"12734,339",0,"20810,531",,,,,,,,
2026,01/2026,Rio de Janeiro,Santos,TUPI,7-TUP-122D-RJS,MAR,FPSO CIDADE DE ANGRA DOS REIS,"43059,028",0,"8756,585",0,"6472,409",,,,,,,,
2026,01/2026,Rio de Janeiro,Santos,TUPI,7-SLL-3-RJS,MAR,Petrobras 69,"31456,344",0,"16156,476",0,"6,832",,,,,,,,
2026,01/2026,Rio de Janeiro,Santos,SUL DE TUPI,7-LL-70-RJS,MAR,Petrobras 69,"8087,393",0,"3811,131",0,"14,898",,,,,,,,
2026,01/2026,Rio de Janeiro,Santos,SUL DE TUPI,3-BRSA-854-RJS,MAR,Petrobras 69,"8325,084",0,"1803,783",0,"22,983",,,,,,,,
2026,01/2026,Rio de Janeiro,Santos,SUL DE TUPI,7-LL-69-RJS,MAR,Petrobras 66,"7587,038",0,"1658,558",0,"1310,95",,,,,,,,
2026,01/2026,Rio de Janeiro,Santos,AnC_MERO,3-BRSA-1343-RJS,MAR,FPSO SEPETIBA,"1048,854",0,"433,801",0,"1,891",,,,,,,,
2026,01/2026,Rio de Janeiro,Santos,AnC_MERO,7-MRO-37-RJS,MAR,FPSO Alexandre de Gusmão,"4335,708",0,"1769,246",0,"22,167",,,,,,,,
2026,01/2026,Rio de Janeiro,Santos,AnC_MERO,7-MRO-24D-RJS,MAR,FPSO Alexandre de Gusmão,"7367,185",0,"2970,37",0,"26,06",,,,,,,,
2026,01/2026,Rio de Janeiro,Campos,RONCADOR,7-RO-154D-RJS,MAR,Petrobras 55,"13271,407",0,"10055,492",0,"1033,76",,,,,,,,
2026,01/2026,Rio de Janeiro,Campos,RONCADOR,7-RO-111HP-RJS,MAR,Petrobras 62,"16982,056",0,"36588,872",0,"307,583",,,,,,,,
2026,01/2026,Rio de Janeiro,Santos,SUL DE TUPI,7-SLL-5-RJS,MAR,Petrobras 69,"9110,904",0,"3905,518",0,"88,204",,,,,,,,
2026,01/2026,Rio de Janeiro,Santos,SUL DE TUPI,7-SLL-8D-RJS,MAR,Petrobras 69,"4127,012",0,"1017,864",0,"57,402",,,,,,,,
2026,01/2026,Rio de Janeiro,Santos,SUL DE TUPI,4-BRSA-1047-RJS,MAR,Petrobras 69,"1,166",0,"0,236",0,"0,887",,,,,,,,
2026,01/2026,Rio de Janeiro,Santos,SUL DE TUPI,7-LL-105-RJS,MAR,Petrobras 66,"8274,522",0,"2708,67",0,"666,228",,,,,,,,
2026,01/2026,Rio de Janeiro,Santos,SUL DE TUPI,7-SLL-2-RJS,MAR,Petrobras 69,"10583,261",0,"2032,723",0,"252,621",,,,,,,,
2026,01/2026,Rio de Janeiro,Santos,SUL DE TUPI,7-LL-90D-RJS,MAR,Petrobras 66,"4814,039",0,"1204,14",0,"1967,813",,,,,,,,
2026,01/2026,Rio de Janeiro,Santos,SUL DE TUPI,7-SLL-3-RJS,MAR,Petrobras 69,"2974,465",0,"1527,732",0,"0,646",,,,,,,,
2026,01/2026,Rio de Janeiro,Santos,SUL DE TUPI,7-LL-97-RJS,MAR,Petrobras 66,"1526,218",0,"343,283",0,"168,176",,,,,,,,
2026,01/2026,Rio de Janeiro,Santos,SUL DE TUPI,7-LL-100-RJS,MAR,Petrobras 66,"7677,865",0,"2437,408",0,"25,114",,,,,,,,
2026,01/2026,Rio de Janeiro,Santos,SUL DE TUPI,7-TUP-123D-RJS,MAR,Petrobras 69,"3534,304",0,"743,554",0,"11,281",,,,,,,,
2026,01/2026,Rio de Janeiro,Santos,SUL DE TUPI,7-TUP-122D-RJS,MAR,FPSO CIDADE DE ANGRA DOS REIS,"4071,597",0,"828,01",0,"612,021",,,,,,,,
2026,01/2026,Rio de Janeiro,Santos,MERO,7-MRO-33-RJS,MAR,FPSO MARECHAL DUQUE DE CAXIAS,"158879,581",0,"64631,843",0,"310,33",,,,,,,,
2026,01/2026,Rio de Janeiro,Santos,MERO,7-MRO-37-RJS,MAR,FPSO Alexandre de Gusmão,"119541,68",0,"48780,646",0,"611,192",,,,,,,,
2026,01/2026,Rio de Janeiro,Santos,MERO,3-BRSA-1343-RJS,MAR,FPSO SEPETIBA,"28918,365",0,"11960,542",0,"52,147",,,,,,,,
2026,01/2026,Rio de Janeiro,Santos,MERO,3-BRSA-1339A-RJS,MAR,FPSO MARECHAL DUQUE DE CAXIAS,"172645,422",0,"70477,263",0,"293,996",,,,,,,,
2026,01/2026,Rio de Janeiro,Santos,MERO,7-MRO-29D-RJS,MAR,FPSO MARECHAL DUQUE DE CAXIAS,"152208,728",0,"63025,581",0,"274,47",,,,,,,,
2026,01/2026,Rio de Janeiro,Santos,MERO,3-BRSA-1345-RJS,MAR,FPSO MARECHAL DUQUE DE CAXIAS,"214549,382",0,"87945,317",0,"370,738",,,,,,,,
2026,01/2026,Rio de Janeiro,Santos,MERO,7-MRO-24D-RJS,MAR,FPSO Alexandre de Gusmão,"203123,815",0,"81897,375",0,"718,545",,,,,,,,
2026,01/2026,Rio de Janeiro,Santos,TUPI,7-LL-97-RJS,MAR,Petrobras 66,"16140,466",0,"3630,377",0,"1778,543",,,,,,,,
2026,01/2026,Rio de Janeiro,Santos,TUPI,7-LL-100-RJS,MAR,Petrobras 66,"81196,986",0,"25776,725",0,"265,591",,,,,,,,
2026,01/2026,Rio de Janeiro,Santos,TUPI,7-SLL-5-RJS,MAR,Petrobras 69,"96352,041",0,"41302,66",0,"932,793",,,,,,,,
2026,01/2026,Rio de Janeiro,Santos,TUPI,3-BRSA-854-RJS,MAR,Petrobras 69,"88041,621",0,"19075,842",0,"243,053",,,,,,,,
2026,01/2026,Rio de Janeiro,Santos,TUPI,7-TUP-123D-RJS,MAR,Petrobras 69,"37376,907",0,"7863,429",0,"119,303",,,,,,,,
2026,01/2026,Rio de Janeiro,Santos,TUPI,7-LL-105-RJS,MAR,Petrobras 66,"87506,911",0,"28645,437",0,"7045,674",,,,,,,,
2026,01/2026,Rio de Janeiro,Santos,TUPI,4-BRSA-1047-RJS,MAR,Petrobras 69,"12,328",0,"2,497",0,"9,38",,,,,,,,
2026,01/2026,Rio de Janeiro,Santos,TUPI,7-LL-70-RJS,MAR,Petrobras 69,"85527,934",0,"40304,477",0,"157,554",,,,,,,,
2026,01/2026,Rio de Janeiro,Campos,PITANGOLA,7-PRG-83H-RJS,MAR,PEREGRINO C,"958,06",0,"23,139",0,"6424,369",,,,,,,,
2026,01/2026,Rio de Janeiro,Campos,PITANGOLA,7-PRG-82H-RJS,MAR,PEREGRINO C,"4172,482",0,"139,718",0,"44,329",,,,,,,,
2026,01/2026,Rio de Janeiro,Campos,PITANGOLA,7-PRG-80HP-RJS,MAR,PEREGRINO C,"2231,461",0,"31,097",0,"23,726",,,,,,,,
2026,01/2026,Rio de Janeiro,Campos,PITANGOLA,7-PRG-85HA-RJS,MAR,PEREGRINO C,"1133,454",0,"19,88",0,"3358,509",,,,,,,,
2026,01/2026,Rio de Janeiro,Campos,PITANGOLA,7-PRG-91H-RJS,MAR,PEREGRINO C,0,0,0,0,0,,,,,,,,
2026,01/2026,Rio de Janeiro,Campos,PITANGOLA,7-PRG-93H-RJS,MAR,PEREGRINO C,"4171,045",0,"10,78",0,0,,,,,,,,
2026,01/2026,Rio de Janeiro,Campos,PITANGOLA,7-PRG-76HB-RJS,MAR,PEREGRINO C,"6216,741",0,"206,065",0,"926,376",,,,,,,,
2026,01/2026,Rio de Janeiro,Campos,PITANGOLA,7-PRG-96HP-RJS,MAR,PEREGRINO C,"4405,864",0,"11,385",0,0,,,,,,,,
2026,01/2026,Rio de Janeiro,Campos,PITANGOLA,7-PRG-95HP-RJS,MAR,PEREGRINO C,"1475,651",0,"20,559",0,"5839,823",,,,,,,,
2026,01/2026,Rio de Janeiro,Campos,ENCHOVA OESTE,4-RJS-253-RJ,MAR,PLATAFORMA DE ENCHOVA,"31,177",0,"5,708",0,"13,63",,,,,,,,
2026,01/2026,Rio de Janeiro,Campos,ENCHOVA OESTE,4-RJS-430D-RJ,MAR,PLATAFORMA DE ENCHOVA,"2057,918",0,"586,221",0,"1257,407",,,,,,,,
2026,01/2026,Rio de Janeiro,Campos,ENCHOVA OESTE,3-BRSA-589-RJS,MAR,PLATAFORMA DE ENCHOVA,"4602,079",0,643,0,"678,562",,,,,,,,
2026,01/2026,Rio de Janeiro,Campos,BONITO,7-BO-13H-RJS,MAR,PLATAFORMA DE ENCHOVA,"3955,929",0,"460,561",0,"308,475",,,,,,,,
2026,01/2026,Rio de Janeiro,Campos,BONITO,7-BO-25H-RJS,MAR,PLATAFORMA DE ENCHOVA,"4335,269",0,"1190,91",0,"3683,425",,,,,,,,
2026,01/2026,Rio de Janeiro,Campos,BONITO,7-BO-23H-RJS,MAR,PLATAFORMA DE ENCHOVA,"4395,444",0,"511,74",0,"114,165",,,,,,,,
2026,01/2026,Rio de Janeiro,Campos,BONITO,7-EN-7D-RJS,MAR,PLATAFORMA DE ENCHOVA,"5892,172",0,"646,714",0,"5193,891",,,,,,,,
2026,01/2026,Rio de Janeiro,Campos,BONITO,7-BO-14D-RJS,MAR,PLATAFORMA DE ENCHOVA,"2379,271",0,"277,334",0,"1827,632",,,,,,,,
2026,01/2026,Rio de Janeiro,Campos,BONITO,4-RJS-431-RJ,MAR,PLATAFORMA DE ENCHOVA,"1457,07",0,"362,94",0,"1763,179",,,,,,,,
2026,01/2026,Rio de Janeiro,Campos,BONITO,7-BO-21HP-RJS,MAR,PLATAFORMA DE ENCHOVA,"5806,081",0,"675,976",0,"309,128",,,,,,,,
2026,01/2026,Rio de Janeiro,Campos,PAMPO,7-PM-9D-RJS,MAR,PLATAFORMA DE PAMPO 1,"2446,481",0,"156,061",0,"33583,967",,,,,,,,
2026,01/2026,Rio de Janeiro,Campos,PAMPO,7-PM-40DP-RJS,MAR,PLATAFORMA DE PAMPO 1,"3097,742",0,"160,136",0,"18587,82",,,,,,,,
2026,01/2026,Rio de Janeiro,Campos,PAMPO,7-PM-28D-RJS,MAR,PLATAFORMA DE PAMPO 1,"2469,796",0,"205,945",0,"31441,901",,,,,,,,
2026,01/2026,Rio de Janeiro,Campos,PAMPO,7-PM-19D-RJS,MAR,PLATAFORMA DE PAMPO 1,"2402,766",0,"213,56",0,"24872,065",,,,,,,,
2026,01/2026,Rio de Janeiro,Campos,PAMPO,7-PM-24D-RJS,MAR,PLATAFORMA DE PAMPO 1,"3222,322",0,"161,266",0,"25371,408",,,,,,,,
2026,01/2026,Rio de Janeiro,Campos,PAMPO,7-PM-38D-RJS,MAR,PLATAFORMA DE PAMPO 1,"2160,457",0,"169,179",0,"5392,311",,,,,,,,
2026,01/2026,Rio de Janeiro,Campos,PAMPO,7-PM-42DP-RJS,MAR,PLATAFORMA DE PAMPO 1,"1713,29",0,"229,477",0,"20919,542",,,,,,,,
2026,01/2026,Rio de Janeiro,Campos,PAMPO,3-PM-1A-RJS,MAR,PLATAFORMA DE PAMPO 1,"2312,405",0,"161,039",0,"17657,186",,,,,,,,
2026,01/2026,Rio de Janeiro,Campos,PAMPO,7-PM-18D-RJS,MAR,PLATAFORMA DE PAMPO 1,"3242,209",0,"410,021",0,"34032,666",,,,,,,,
2026,01/2026,Rio de Janeiro,Campos,PAMPO,7-PM-21D-RJS,MAR,PLATAFORMA DE PAMPO 1,"3563,721",0,"584,957",0,"24060,26",,,,,,,,
2026,01/2026,Rio de Janeiro,Campos,PAMPO,7-PM-11D-RJS,MAR,PLATAFORMA DE PAMPO 1,"3118,613",0,"288,624",0,"25367,722",,,,,,,,
2026,01/2026,Rio de Janeiro,Campos,PAMPO,4-RJS-493-RJS,MAR,PLATAFORMA DE PAMPO 1,"3727,576",0,"141,765",0,"10631,151",,,,,,,,
2026,01/2026,Rio de Janeiro,Campos,PAMPO,7-PM-37D-RJS,MAR,PLATAFORMA DE PAMPO 1,"581,765",0,"56,451",0,"8801,739",,,,,,,,
2026,01/2026,Rio de Janeiro,Campos,PAMPO,7-PM-26D-RJS,MAR,PLATAFORMA DE PAMPO 1,"1301,342",0,"181,796",0,"13228,353",,,,,,,,
2026,01/2026,Rio de Janeiro,Campos,PAMPO,7-PM-55DP-RJS,MAR,PLATAFORMA DE PAMPO 1,"3812,86",0,"341,485",0,"13051,365",,,,,,,,
2026,01/2026,Rio de Janeiro,Santos,BÚZIOS,7-BUZ-79-RJS,MAR,PETROBRAS 78,"45633,169",0,"11874,087",0,"143,246",,,,,,,,
2026,01/2026,Rio de Janeiro,Santos,BÚZIOS_ECO,7-BUZ-79-RJS,MAR,PETROBRAS 78,"129069,268",0,"33584,774",0,"405,158",,,,,,,,
2026,01/2026,Rio de Janeiro,Santos,TAMBUATÁ,7-BUZ-79-RJS,MAR,PETROBRAS 78,"1127,598",0,"293,409",0,"3,54",,,,,,,,
2026,01/2026,Rio de Janeiro,Campos,ALBACORA,7-ABL-68HP-RJS,MAR,FPSO FORTE,"851,997",0,"762,78",0,"2505,711",,,,,,,,
2026,01/2026,Rio de Janeiro,Campos,PAMPO,7-PM-50HP-RJS,MAR,PLATAFORMA DE PAMPO 1,"1531,342",0,"147,064",0,"23896,018",,,,,,,,
2026,01/2026,Rio de Janeiro,Campos,MARLIM,7-MRL-240H-RJS,MAR,FPSO ANITA GARIBALDI,"225,202",0,"15,019",0,0,,,,,,,,
2026,01/2026,Rio de Janeiro,Campos,CARAPEBA,7-CRP-47D-RJS,MAR,PLATAFORMA DE CARAPEBA 2,"1904,495",0,"41,305",0,21902,,,,,,,,
2026,01/2026,Rio de Janeiro,Campos,CARAPEBA,7-CRP-49D-RJS,MAR,PLATAFORMA DE CARAPEBA 3,"4901,764",0,"100,292",0,16258,,,,,,,,
2026,01/2026,Rio de Janeiro,Campos,CARAPEBA,7-CRP-50D-RJS,MAR,PLATAFORMA DE CARAPEBA 3,"1822,233",0,"53,959",0,21693,,,,,,,,
2026,01/2026,Rio de Janeiro,Campos,CARAPEBA,7-CRP-58D-RJS,MAR,PLATAFORMA DE CARAPEBA 3,"1777,737",0,"37,188",0,18480,,,,,,,,
2026,01/2026,Rio de Janeiro,Campos,CARAPEBA,7-CRP-57D-RJS,MAR,PLATAFORMA DE CARAPEBA 3,"781,699",0,"41,457",0,10588,,,,,,,,
2026,01/2026,Rio de Janeiro,Campos,CARAPEBA,7-CRP-59D-RJS,MAR,PLATAFORMA DE CARAPEBA 3,"3254,397",0,"78,921",0,24060,,,,,,,,
2026,01/2026,Rio de Janeiro,Campos,CARAPEBA,7-CRP-61D-RJS,MAR,PLATAFORMA DE CARAPEBA 3,"1493,119",0,"41,431",0,17514,,,,,,,,
2026,01/2026,Rio de Janeiro,Campos,CARAPEBA,7-CRP-63HPA-RJS,MAR,PLATAFORMA DE CARAPEBA 3,"5832,596",0,"124,82",0,16817,,,,,,,,
2026,01/2026,Rio de Janeiro,Campos,CARAPEBA,7-CRP-41D-RJS,MAR,PLATAFORMA DE CARAPEBA 1,"1283,798",0,"43,968",0,11476,,,,,,,,
2026,01/2026,Rio de Janeiro,Campos,CARAPEBA,7-CRP-36D-RJS,MAR,PLATAFORMA DE CARAPEBA 2,"948,808",0,"30,729",0,20076,,,,,,,,
2026,01/2026,Rio de Janeiro,Campos,CARAPEBA,7-CRP-12D-RJS,MAR,PLATAFORMA DE CARAPEBA 1,"3168,897",0,"46,901",0,13471,,,,,,,,
2026,01/2026,Rio de Janeiro,Campos,CARAPEBA,7-CRP-13D-RJS,MAR,PLATAFORMA DE CARAPEBA 2,"1524,258",0,"51,045",0,20148,,,,,,,,
2026,01/2026,Rio de Janeiro,Campos,CARAPEBA,7-CRP-16D-RJS,MAR,PLATAFORMA DE CARAPEBA 2,"2158,398",0,"68,235",0,17779,,,,,,,,
2026,01/2026,Rio de Janeiro,Campos,CARAPEBA,7-CRP-18D-RJS,MAR,PLATAFORMA DE CARAPEBA 1,"1151,308",0,"43,735",0,23032,,,,,,,,
2026,01/2026,Rio de Janeiro,Campos,CARAPEBA,7-CRP-20D-RJS,MAR,PLATAFORMA DE CARAPEBA 2,"4391,389",0,"61,298",0,9191,,,,,,,,
2026,01/2026,Rio de Janeiro,Campos,CARAPEBA,7-CRP-33D-RJS,MAR,PLATAFORMA DE CARAPEBA 2,"819,979",0,"28,579",0,7589,,,,,,,,
2026,01/2026,Rio de Janeiro,Campos,CARAPEBA,7-CRP-34D-RJS,MAR,PLATAFORMA DE CARAPEBA 1,"699,983",0,"37,068",0,4392,,,,,,,,
2026,01/2026,Rio de Janeiro,Santos,ATLANTA,7-ATL-2HP-RJS,MAR,FPSO ATLANTA,"11606,03",0,"597,417",0,"7133,55",,,,,,,,
2026,01/2026,Rio de Janeiro,Santos,ATLANTA,7-ATL-3H-RJS,MAR,FPSO ATLANTA,"17035,665",0,"867,83",0,"24396,257",,,,,,,,
2026,01/2026,Rio de Janeiro,Santos,ATLANTA,7-ATL-4HB-RJS,MAR,FPSO ATLANTA,"17320,208",0,"0,924",0,"19049,637",,,,,,,,
2026,01/2026,Rio de Janeiro,Santos,ATLANTA,7-ATL-5H-RJS,MAR,FPSO ATLANTA,"16169,102",0,"863,086",0,"19049,637",,,,,,,,
2026,01/2026,Rio de Janeiro,Santos,ATLANTA,7-ATL-6H-RJS,MAR,FPSO ATLANTA,"48422,402",0,"2472,288",0,"11875,476",,,,,,,,
2026,01/2026,Rio de Janeiro,Santos,ATLANTA,7-ATL-7HA-RJS,MAR,FPSO ATLANTA,"42453,96",0,"2158,168",0,"10415,646",,,,,,,,
2026,01/2026,Sergipe,Sergipe,TARTARUGA,7-TTG-1DP-SES,MAR,Ponto de Coleta de Tartaruga,"395,994",0,"23,951",0,"38,303",,,,,,,,
2026,01/2026,Sergipe,Sergipe,TARTARUGA,7-TTG-2HPA-SES,MAR,Ponto de Coleta de Tartaruga,"23,138",0,"0,111",0,"510,676",,,,,,,,
2026,01/2026,Rio de Janeiro,Campos,PARGO,7-PG-20D-RJS,MAR,PLATAFORMA DE PARGO 1A,"1308,65",0,"17,935",0,2374,,,,,,,,
2026,01/2026,Rio de Janeiro,Campos,PARGO,7-PG-17D-RJS,MAR,PLATAFORMA DE PARGO 1A,"503,121",0,"51,477",0,694,,,,,,,,
2026,01/2026,Rio de Janeiro,Campos,PARGO,7-PG-19D-RJS,MAR,PLATAFORMA DE PARGO 1A,"1857,34",0,"31,686",0,27523,,,,,,,,
2026,01/2026,Rio de Janeiro,Campos,PARGO,7-PG-12D-RJS,MAR,PLATAFORMA DE PARGO 1A,"1224,818",0,"20,47",0,6574,,,,,,,,
2026,01/2026,Rio de Janeiro,Campos,PARGO,7-PG-4-RJS,MAR,PLATAFORMA DE PARGO 1A,"3413,221",0,"49,667",0,9589,,,,,,,,
2026,01/2026,Rio de Janeiro,Campos,PARGO,7-PG-24D-RJS,MAR,PLATAFORMA DE PARGO 1A,"2330,497",0,"33,158",0,22201,,,,,,,,
2026,01/2026,Rio de Janeiro,Campos,PAPA-TERRA,7-PPT-51HP-RJS,MAR,Plataforma 3R-2,"39711,897",0,"1294,473",0,"2234,456",,,,,,,,
2026,01/2026,Rio de Janeiro,Campos,PAPA-TERRA,7-PPT-37HP-RJS,MAR,Plataforma 3R-3,"17103,433",0,"1514,644",0,"83523,444",,,,,,,,
2026,01/2026,Rio de Janeiro,Campos,PAPA-TERRA,7-PPT-22HP-RJS,MAR,Plataforma 3R-3,"11407,198",0,"525,207",0,"1016,644",,,,,,,,
2026,01/2026,Rio de Janeiro,Campos,PAPA-TERRA,7-PPT-50HP-RJS,MAR,Plataforma 3R-2,"12711,667",0,"426,01",0,"11069,414",,,,,,,,
2026,01/2026,Rio de Janeiro,Campos,PAPA-TERRA,7-PPT-16HP-RJS,MAR,Plataforma 3R-2,"5635,328",0,"134,209",0,"258,784",,,,,,,,
2026,01/2026,Rio de Janeiro,Campos,PAPA-TERRA,7-PPT-17H-RJS,MAR,Plataforma 3R-2,"10054,464",0,"280,362",0,"105,649",,,,,,,,
2026,01/2026,Rio de Janeiro,Campos,VERMELHO,7-VM-60D-RJS,MAR,PLATAFORMA DE VERMELHO 3,"598,718",0,"18,418",0,12708,,,,,,,,
2026,01/2026,Rio de Janeiro,Campos,VERMELHO,7-VM-61D-RJS,MAR,PLATAFORMA DE VERMELHO 1,"3137,764",0,"83,434",0,33282,,,,,,,,
2026,01/2026,Rio de Janeiro,Campos,VERMELHO,7-VM-71HP-RJS,MAR,PLATAFORMA DE VERMELHO 3,"481,202",0,"15,255",0,9653,,,,,,,,
2026,01/2026,Rio de Janeiro,Campos,VERMELHO,7-VM-19D-RJS,MAR,PLATAFORMA DE VERMELHO 3,"345,367",0,"12,077",0,9841,,,,,,,,
2026,01/2026,Rio de Janeiro,Campos,VERMELHO,7-VM-67D-RJS,MAR,PLATAFORMA DE VERMELHO 1,"4502,49",0,"334,122",0,14530,,,,,,,,
2026,01/2026,Rio de Janeiro,Campos,VERMELHO,7-VM-57D-RJS,MAR,PLATAFORMA DE VERMELHO 1,"1627,226",0,"105,767",0,22484,,,,,,,,
2026,01/2026,Rio de Janeiro,Campos,VERMELHO,7-VM-68D-RJS,MAR,PLATAFORMA DE VERMELHO 1,"927,035",0,"36,045",0,14597,,,,,,,,
2026,01/2026,Rio de Janeiro,Campos,VERMELHO,7-VM-53D-RJS,MAR,PLATAFORMA DE VERMELHO 1,"2793,62",0,"49,319",0,34566,,,,,,,,
2026,01/2026,Rio de Janeiro,Campos,VERMELHO,7-VM-46D-RJS,MAR,PLATAFORMA DE VERMELHO 1,"9521,411",0,"139,48",0,19,,,,,,,,
2026,01/2026,Rio de Janeiro,Campos,VERMELHO,7-VM-34D-RJS,MAR,PLATAFORMA DE VERMELHO 3,"982,341",0,"22,844",0,12570,,,,,,,,
2026,01/2026,Rio de Janeiro,Campos,VERMELHO,7-VM-41D-RJS,MAR,PLATAFORMA DE VERMELHO 1,"1465,758",0,"35,693",0,24029,,,,,,,,
2026,01/2026,Rio de Janeiro,Campos,VERMELHO,7-VM-78DP-RJS,MAR,PLATAFORMA DE VERMELHO 3,"1117,256",0,"30,703",0,26037,,,,,,,,
2026,01/2026,Rio de Janeiro,Campos,VERMELHO,7-VM-15D-RJS,MAR,PLATAFORMA DE VERMELHO 1,"2504,854",0,"78,834",0,23750,,,,,,,,
2026,01/2026,Rio de Janeiro,Campos,VERMELHO,7-VM-14D-RJS,MAR,PLATAFORMA DE VERMELHO 3,"464,305",0,"22,197",0,9857,,,,,,,,
2026,01/2026,Rio de Janeiro,Campos,VERMELHO,7-VM-26D-RJS,MAR,PLATAFORMA DE VERMELHO 1,"6458,179",0,"155,333",0,29927,,,,,,,,
2026,01/2026,Rio de Janeiro,Campos,VERMELHO,7-VM-28D-RJS,MAR,PLATAFORMA DE VERMELHO 3,"187,07",0,"9,768",0,8129,,,,,,,,
2026,01/2026,Rio de Janeiro,Campos,VERMELHO,7-VM-39D-RJS,MAR,PLATAFORMA DE VERMELHO 3,"2041,019",0,"53,081",0,30331,,,,,,,,
2026,01/2026,Espírito Santo,Campos,ARGONAUTA,7-ARGO-21H-ESS,MAR,FPSO ESPIRITO SANTO,"2971,586",0,"153,605",0,"1,529",,,,,,,,
2026,01/2026,Espírito Santo,Campos,ARGONAUTA,7-ARGO-19H-ESS,MAR,FPSO ESPIRITO SANTO,"1315,266",0,"66,184",0,"2193,974",,,,,,,,
2026,01/2026,Espírito Santo,Campos,ARGONAUTA,7-ARGO-5H-ESS,MAR,FPSO ESPIRITO SANTO,"806,829",0,"51,01",0,"2072,476",,,,,,,,
2026,01/2026,Espírito Santo,Campos,ARGONAUTA,7-ARGO-10H-ESS,MAR,FPSO ESPIRITO SANTO,"2481,971",0,"129,803",0,"4827,224",,,,,,,,
2026,01/2026,Espírito Santo,Campos,ARGONAUTA,7-ARGO-13H-ESS,MAR,FPSO ESPIRITO SANTO,"5016,041",0,"223,439",0,"3179,643",,,,,,,,
2026,01/2026,Espírito Santo,Campos,ARGONAUTA,7-ARGO-8H-ESS,MAR,FPSO ESPIRITO SANTO,"966,964",0,"57,121",0,"3238,128",,,,,,,,
2026,01/2026,Espírito Santo,Campos,ARGONAUTA,7-ARGO-14H-ESS,MAR,FPSO ESPIRITO SANTO,"1743,879",0,"94,924",0,"1155,006",,,,,,,,
2026,01/2026,Rio de Janeiro,Campos,PARGO,7-PG-10D-RJS,MAR,PLATAFORMA DE PARGO 1A,"1982,071",0,"28,78",0,24044,,,,,,,,
2026,01/2026,Rio de Janeiro,Campos,PARGO,7-PG-26D-RJS,MAR,PLATAFORMA DE PARGO 1A,"915,221",0,"21,618",0,5622,,,,,,,,
2026,01/2026,Rio de Janeiro,Campos,PARGO,7-PG-14D-RJS,MAR,PLATAFORMA DE PARGO 1A,"436,347",0,"26,243",0,18059,,,,,,,,
2026,01/2026,Rio de Janeiro,Campos,PARGO,7-PG-16D-RJS,MAR,PLATAFORMA DE PARGO 1A,"367,142",0,"16,025",0,7794,,,,,,,,
2026,01/2026,Rio de Janeiro,Campos,PARGO,7-PG-9D-RJS,MAR,PLATAFORMA DE PARGO 1A,"991,262",0,"15,575",0,8866,,,,,,,,
2026,01/2026,Rio de Janeiro,Campos,PARGO,7-PG-7D-RJS,MAR,PLATAFORMA DE PARGO 1A,"604,297",0,"45,254",0,4229,,,,,,,,
2026,01/2026,Rio de Janeiro,Campos,POLVO,9-POL-45D-RJS,MAR,Polvo A,"4775,902",0,"201,179",0,"32596,842",,,,,,,,
2026,01/2026,Rio de Janeiro,Campos,BONITO,7-BO-5-RJS,MAR,PLATAFORMA DE ENCHOVA,0,0,0,0,0,,,,,,,,
2026,01/2026,Rio de Janeiro,Campos,PAMPO,7-PM-7D-RJS,MAR,PLATAFORMA DE PAMPO 1,0,0,0,0,0,,,,,,,,
2026,01/2026,Rio de Janeiro,Campos,PAMPO,7-PM-35DP-RJS,MAR,PLATAFORMA DE PAMPO 1,0,0,0,0,0,,,,,,,,
2026,01/2026,Rio de Janeiro,Campos,PAMPO,7-PM-41HP-RJS,MAR,PLATAFORMA DE PAMPO 1,0,0,0,0,0,,,,,,,,
2026,01/2026,Rio de Janeiro,Campos,PAMPO,7-PM-52DP-RJS,MAR,PLATAFORMA DE PAMPO 1,0,0,0,0,0,,,,,,,,
2026,01/2026,Rio de Janeiro,Campos,PAMPO,7-PM-43HA-RJS,MAR,PLATAFORMA DE PAMPO 1,0,0,0,0,0,,,,,,,,
2026,01/2026,Rio de Janeiro,Campos,PAMPO,7-PM-39H-RJS,MAR,PLATAFORMA DE PAMPO 1,0,0,0,0,0,,,,,,,,
2026,01/2026,Rio de Janeiro,Campos,CARAPEBA,7-CRP-45D-RJS,MAR,PLATAFORMA DE CARAPEBA 2,0,0,0,0,0,,,,,,,,
2026,01/2026,Rio de Janeiro,Campos,CARAPEBA,7-CRP-51D-RJS,MAR,PLATAFORMA DE CARAPEBA 3,0,0,0,0,0,,,,,,,,
2026,01/2026,Rio de Janeiro,Campos,CARAPEBA,7-CRP-43D-RJS,MAR,PLATAFORMA DE CARAPEBA 2,0,0,0,0,0,,,,,,,,
2026,01/2026,Rio de Janeiro,Campos,CARAPEBA,7-CRP-55D-RJS,MAR,PLATAFORMA DE CARAPEBA 3,0,0,0,0,0,,,,,,,,
2026,01/2026,Rio de Janeiro,Campos,CARAPEBA,7-CRP-38D-RJS,MAR,PLATAFORMA DE CARAPEBA 2,0,0,0,0,0,,,,,,,,
2026,01/2026,Rio de Janeiro,Campos,CARAPEBA,7-CRP-11-RJS,MAR,PLATAFORMA DE CARAPEBA 1,0,0,0,0,0,,,,,,,,
2026,01/2026,Rio de Janeiro,Campos,CARAPEBA,7-CRP-17D-RJS,MAR,PLATAFORMA DE CARAPEBA 2,0,0,0,0,0,,,,,,,,
2026,01/2026,Rio de Janeiro,Campos,CARAPEBA,7-CRP-22D-RJS,MAR,PLATAFORMA DE CARAPEBA 2,0,0,0,0,0,,,,,,,,
2026,01/2026,Rio de Janeiro,Campos,CARAPEBA,7-CRP-29D-RJS,MAR,PLATAFORMA DE CARAPEBA 2,0,0,0,0,0,,,,,,,,
2026,01/2026,Rio de Janeiro,Campos,CARAPEBA,7-CRP-35D-RJS,MAR,PLATAFORMA DE CARAPEBA 2,0,0,0,0,0,,,,,,,,
2026,01/2026,Rio de Janeiro,Campos,PEREGRINO,7-PRG-26H-RJS,MAR,PEREGRINO B,0,0,0,0,0,,,,,,,,
2026,01/2026,Rio de Janeiro,Campos,PEREGRINO,7-PRG-87HPA-RJS,MAR,PEREGRINO C,0,0,0,0,0,,,,,,,,
2026,01/2026,Rio de Janeiro,Campos,PEREGRINO,7-PRG-56H-RJS,MAR,PEREGRINO A,0,0,0,0,0,,,,,,,,
2026,01/2026,Rio de Janeiro,Campos,PEREGRINO,7-PRG-52HP-RJS,MAR,PEREGRINO A,0,0,0,0,0,,,,,,,,
2026,01/2026,Rio de Janeiro,Campos,PAPA-TERRA,7-PPT-12H-RJS,MAR,Plataforma 3R-3,0,0,0,0,0,,,,,,,,
2026,01/2026,Rio de Janeiro,Campos,VERMELHO,7-VM-62D-RJS,MAR,PLATAFORMA DE VERMELHO 3,0,0,0,0,0,,,,,,,,
2026,01/2026,Rio de Janeiro,Campos,VERMELHO,7-VM-63DA-RJS,MAR,PLATAFORMA DE VERMELHO 1,0,0,0,0,0,,,,,,,,
2026,01/2026,Rio de Janeiro,Campos,VERMELHO,7-VM-5-RJS,MAR,PLATAFORMA DE VERMELHO 1,0,0,0,0,0,,,,,,,,
2026,01/2026,Rio de Janeiro,Campos,VERMELHO,7-VM-10D-RJS,MAR,PLATAFORMA DE VERMELHO 1,0,0,0,0,0,,,,,,,,
2026,01/2026,Rio de Janeiro,Campos,VERMELHO,7-VM-1-RJS,MAR,PLATAFORMA DE VERMELHO 3,0,0,0,0,0,,,,,,,,
2026,01/2026,Espírito Santo,Espírito Santo,GOLFINHO,7-GLF-8H-ESS,MAR,FPSO CIDADE DE VITÓRIA,0,0,0,0,0,,,,,,,,
2026,01/2026,Espírito Santo,Campos,ARGONAUTA,7-ARGO-20H-ESS,MAR,FPSO ESPIRITO SANTO,0,0,0,0,0,,,,,,,,
2026,01/2026,Espírito Santo,Campos,ARGONAUTA,7-ARGO-2H-ESS,MAR,FPSO ESPIRITO SANTO,0,0,0,0,0,,,,,,,,
2026,01/2026,Espírito Santo,Campos,ARGONAUTA,7-ARGO-3H-ESS,MAR,FPSO ESPIRITO SANTO,0,0,0,0,0,,,,,,,,
2026,01/2026,Espírito Santo,Campos,ARGONAUTA,7-ARGO-9H-ESS,MAR,FPSO ESPIRITO SANTO,0,0,0,0,0,,,,,,,,
2026,01/2026,Espírito Santo,Campos,ARGONAUTA,7-ARGO-18H-ESS,MAR,FPSO ESPIRITO SANTO,0,0,0,0,0,,,,,,,,
2026,01/2026,Espírito Santo,Campos,ARGONAUTA,7-ARGO-4HC-ESS,MAR,FPSO ESPIRITO SANTO,0,0,0,0,0,,,,,,,,
2026,01/2026,Espírito Santo,Campos,ARGONAUTA,7-NAU-1H-ESS,MAR,FPSO ESPIRITO SANTO,0,0,0,0,0,,,,,,,,
2026,01/2026,Espírito Santo,Campos,ARGONAUTA,7-NAU-2H-ESS,MAR,FPSO ESPIRITO SANTO,0,0,0,0,0,,,,,,,,
2026,01/2026,Espírito Santo,Campos,ARGONAUTA,7-NAU-3H-ESS,MAR,FPSO ESPIRITO SANTO,0,0,0,0,0,,,,,,,,
2026,01/2026,Espírito Santo,Campos,ARGONAUTA,7-NAU-4H-ESS,MAR,FPSO ESPIRITO SANTO,0,0,0,0,0,,,,,,,,
2026,01/2026,Espírito Santo,Campos,ARGONAUTA,7-ARGO-17H-ESS,MAR,FPSO ESPIRITO SANTO,0,0,0,0,0,,,,,,,,
2026,01/2026,Rio de Janeiro,Campos,PARGO,7-PG-25D-RJS,MAR,PLATAFORMA DE PARGO 1A,0,0,0,0,0,,,,,,,,
2026,01/2026,Rio de Janeiro,Campos,PARGO,7-PG-21D-RJS,MAR,PLATAFORMA DE PARGO 1A,0,0,0,0,0,,,,,,,,
2026,01/2026,Rio de Janeiro,Campos,PITANGOLA,7-PRG-87HPA-RJS,MAR,PEREGRINO C,0,0,0,0,0,,,,,,,,
2026,01/2026,(NÃO CADASTRADO),Campos,AnC_ARGONAUTA_ME1,7-NAU-2H-ESS,MAR,FPSO ESPIRITO SANTO,0,0,0,0,0,,,,,,,,
2026,01/2026,(NÃO CADASTRADO),Campos,AnC_ARGONAUTA_ME1,7-NAU-3H-ESS,MAR,FPSO ESPIRITO SANTO,0,0,0,0,0,,,,,,,,
2026,01/2026,Rio de Janeiro,Campos,CARAPEBA,7-CRP-52D-RJS,MAR,PLATAFORMA DE CARAPEBA 3,0,0,0,0,0,,,,,,,,
2026,01/2026,Rio de Janeiro,Campos,ALBACORA,7-ABL-84HP-RJS,MAR,FPSO FORTE,0,0,0,0,0,,,,,,,,
2026,01/2026,Rio de Janeiro,Campos,ALBACORA,7-ABL-8H-RJS,MAR,FPSO FORTE,0,0,0,0,0,,,,,,,,
2026,01/2026,Rio de Janeiro,Campos,ALBACORA,7-ABL-13HP-RJS,MAR,FPSO FORTE,0,0,0,0,0,,,,,,,,
2026,01/2026,Rio de Janeiro,Campos,POLVO,7-POL-15H-RJS,MAR,Polvo A,0,0,0,0,0,,,,,,,,
2026,01/2026,Rio Grande do Norte,Potiguar,ARABAIANA,3-RNS-120-RN,MAR,PLATAFORMA DE ARABAIANA 1,0,"118,292",0,"712,205","83,59",,,,,,,,
2026,01/2026,São Paulo,Santos,MEXILHÃO,7-MXL-17HPA-SPS,MAR,PLATAFORMA DE MEXILHÃO,0,"2295,01",0,"25331,667","581,543",,,,,,,,
2026,01/2026,São Paulo,Santos,MEXILHÃO,7-MXL-18HA-SPS,MAR,PLATAFORMA DE MEXILHÃO,0,"3161,099",0,"32469,127","376,178",,,,,,,,
2026,01/2026,São Paulo,Santos,MEXILHÃO,7-MXL-9HP-SPS,MAR,PLATAFORMA DE MEXILHÃO,0,"1355,705",0,"13646,021","374,756",,,,,,,,
2026,01/2026,São Paulo,Santos,MEXILHÃO,7-MXL-11HP-SPS,MAR,PLATAFORMA DE MEXILHÃO,0,"767,498",0,"7772,623","149,446",,,,,,,,
2026,01/2026,São Paulo,Santos,MEXILHÃO,9-MXL-2HP-SPS,MAR,PLATAFORMA DE MEXILHÃO,0,"816,981",0,"8397,911","271,967",,,,,,,,
2026,01/2026,Alagoas,Alagoas,PARU,4-ALS-39-AL,MAR,Estação de Paru,0,"414,918",0,"3127,441","220,647",,,,,,,,
2026,01/2026,Rio Grande do Norte,Potiguar,PESCADA,7-PE-2D-RNS,MAR,PLATAFORMA DE PESCADA 1B,0,"139,875","97,386","100,554","30,381",,,,,,,,
2026,01/2026,Rio Grande do Norte,Potiguar,PESCADA,7-PE-3D-RNS,MAR,PLATAFORMA DE PESCADA 1B,0,"39,34","34,767","11,838","0,278",,,,,,,,
2026,01/2026,Espírito Santo,Campos,ABALONE,7-ABA-2D-ESS,MAR,FPSO ESPIRITO SANTO,0,0,0,0,0,,,,,,,,
2026,01/2026,Espírito Santo,Espírito Santo,CANGOÁ,7-CAN-1D-ESS,MAR,Unidade de Tratamento de Gás de Cacimbas,0,0,0,0,0,,,,,,,,
2026,01/2026,Espírito Santo,Espírito Santo,PEROÁ,7-PER-1-ESS,MAR,Plataforma 3R-1,0,0,0,0,0,,,,,,,,
2026,01/2026,Espírito Santo,Espírito Santo,PEROÁ,7-PER-2-ESS,MAR,Plataforma 3R-1,0,0,0,0,0,,,,,,,,
2026,01/2026,Rio de Janeiro,Campos,ALBACORA LESTE,7-ABL-84HP-RJS,MAR,FPSO FORTE,0,0,0,0,0,,,,,,,,
2026,01/2026,Rio de Janeiro,Campos,ALBACORA LESTE,7-ABL-13HP-RJS,MAR,FPSO FORTE,0,0,0,0,0,,,,,,,,
2026,01/2026,Rio de Janeiro,Campos,ALBACORA LESTE,7-ABL-8H-RJS,MAR,FPSO FORTE,0,0,0,0,0,,,,,,,,
2026,01/2026,Rio de Janeiro,Campos,ENCHOVA,7-EN-31D-RJS,MAR,PLATAFORMA DE ENCHOVA,0,0,0,0,0,,,,,,,,
2026,01/2026,Rio de Janeiro,Campos,ENCHOVA,7-EN-25D-RJS,MAR,PLATAFORMA DE ENCHOVA,0,0,0,0,0,,,,,,,,
2026,01/2026,Rio de Janeiro,Campos,ENCHOVA,7-EN-37D-RJS,MAR,PLATAFORMA DE ENCHOVA,0,0,0,0,0,,,,,,,,
2026,01/2026,Rio de Janeiro,Campos,LINGUADO,7-PM-39H-RJS,MAR,PLATAFORMA DE PAMPO 1,0,0,0,0,0,,,,,,,,
2026,01/2026,Rio de Janeiro,Campos,LINGUADO,7-PM-41HP-RJS,MAR,PLATAFORMA DE PAMPO 1,0,0,0,0,0,,,,,,,,
2026,01/2026,Espírito Santo,Campos,OSTRA,7-OST-7H-ESS,MAR,FPSO ESPIRITO SANTO,0,0,0,0,0,,,,,,,,
2026,01/2026,Espírito Santo,Campos,OSTRA,7-OST-6H-ESS,MAR,FPSO ESPIRITO SANTO,0,0,0,0,0,,,,,,,,
2026,01/2026,Espírito Santo,Campos,OSTRA,7-OST-9H-ESS,MAR,FPSO ESPIRITO SANTO,0,0,0,0,0,,,,,,,,
2026,01/2026,São Paulo,Santos,BAÚNA,7-PRA-2-SPS,MAR,FPSO CIDADE DE ITAJAÍ,0,0,0,0,0,,,,,,,,
2026,01/2026,São Paulo,Santos,BAÚNA,7-BAN-2-SPS,MAR,FPSO CIDADE DE ITAJAÍ,0,0,0,0,0,,,,,,,,
2026,01/2026,Rio de Janeiro,Campos,ENCHOVA,7-EN-51HP-RJS,MAR,PLATAFORMA DE ENCHOVA,"3489,652",0,"624,945",0,"5605,827",,,,,,,,
2026,01/2026,Rio de Janeiro,Campos,ENCHOVA,7-EN-39D-RJS,MAR,PLATAFORMA DE ENCHOVA,"114,817",0,"57,879",0,"110,982",,,,,,,,
2026,01/2026,Rio de Janeiro,Campos,ENCHOVA,7-EN-23D-RJS,MAR,PLATAFORMA DE ENCHOVA,"1670,973",0,"499,039",0,"2527,438",,,,,,,,
2026,01/2026,Rio de Janeiro,Campos,ENCHOVA,7-EN-52H-RJS,MAR,PLATAFORMA DE ENCHOVA,"2877,022",0,"545,064",0,"1624,609",,,,,,,,
2026,01/2026,Rio de Janeiro,Campos,ENCHOVA,7-EN-33DA-RJS,MAR,PLATAFORMA DE ENCHOVA,"209,698",0,"163,482",0,"661,324",,,,,,,,
2026,01/2026,Rio de Janeiro,Campos,ENCHOVA,7-EN-36D-RJS,MAR,PLATAFORMA DE ENCHOVA,"1095,37",0,"109,28",0,"859,447",,,,,,,,
2026,01/2026,Rio de Janeiro,Campos,ENCHOVA,7-EN-40D-RJS,MAR,PLATAFORMA DE ENCHOVA,"1955,626",0,"623,423",0,"6256,275",,,,,,,,
2026,01/2026,Rio de Janeiro,Campos,ENCHOVA,7-EN-18D-RJS,MAR,PLATAFORMA DE ENCHOVA,"2519,712",0,"448,739",0,"1480,582",,,,,,,,
2026,01/2026,Rio de Janeiro,Campos,ENCHOVA,7-EN-26D-RJS,MAR,PLATAFORMA DE ENCHOVA,"1146,006",0,"469,238",0,"303,304",,,,,,,,
2026,01/2026,Rio de Janeiro,Campos,LINGUADO,7-PM-21D-RJS,MAR,PLATAFORMA DE PAMPO 1,"33,091",0,"5,432",0,"223,41",,,,,,,,
2026,01/2026,Rio de Janeiro,Campos,LINGUADO,7-PM-38D-RJS,MAR,PLATAFORMA DE PAMPO 1,"20,061",0,"1,571",0,"50,07",,,,,,,,
2026,01/2026,Espírito Santo,Campos,OSTRA,7-OST-10H-ESS,MAR,FPSO ESPIRITO SANTO,"4567,988",0,"147,114",0,"10276,06",,,,,,,,
2026,01/2026,Espírito Santo,Campos,OSTRA,7-OST-3H-ESS,MAR,FPSO ESPIRITO SANTO,"5660,178",0,"176,353",0,"23893,328",,,,,,,,
2026,01/2026,Espírito Santo,Campos,OSTRA,7-OST-1H-ESS,MAR,FPSO ESPIRITO SANTO,"2571,409",0,"160,45",0,"22250,761",,,,,,,,
2026,01/2026,Espírito Santo,Campos,OSTRA,7-OST-2H-ESS,MAR,FPSO ESPIRITO SANTO,"1887,371",0,"134,692",0,"16881,852",,,,,,,,
2026,01/2026,Rio de Janeiro,Campos,ENCHOVA,7-EN-55-RJS,MAR,PLATAFORMA DE ENCHOVA,0,0,"1815,379",0,0,,,,,,,,
2026,01/2026,São Paulo,Santos,BAÚNA,3-BRSA-1024-SPS,MAR,FPSO CIDADE DE ITAJAÍ,"25449,153",0,"872,505",0,"22263,148",,,,,,,,
2026,01/2026,Rio de Janeiro,Campos,LINGUADO,7-PM-50HP-RJS,MAR,PLATAFORMA DE PAMPO 1,"14,219",0,"1,365",0,"221,884",,,,,,,,
2026,01/2026,Rio de Janeiro,Campos,MARLIM SUL,7-MRL-240H-RJS,MAR,FPSO ANITA GARIBALDI,"4,221",0,"0,282",0,0,,,,,,,,
2026,01/2026,Rio de Janeiro,Campos,MARIMBÁ,7-MA-17D-RJS,MAR,Plataforma 08,"2717,612",0,"192,494",0,"4149,275",,,,,,,,
2026,01/2026,Rio de Janeiro,Campos,MARIMBÁ,7-MA-34D-RJS,MAR,Plataforma 08,"1761,975",0,"119,117",0,"3351,79",,,,,,,,
2026,01/2026,Rio de Janeiro,Campos,MARIMBÁ,7-MA-8D-RJS,MAR,Plataforma 08,"4092,893",0,"333,345",0,"20452,89",,,,,,,,
2026,01/2026,Rio de Janeiro,Campos,MARIMBÁ,7-MA-10-RJS,MAR,Plataforma 08,"5922,846",0,"424,129",0,"13514,35",,,,,,,,
2026,01/2026,Rio de Janeiro,Campos,MARIMBÁ,7-MA-9D-RJS,MAR,Plataforma 08,"4923,997",0,"333,273",0,"3808,039",,,,,,,,
2026,01/2026,Rio de Janeiro,Campos,MARIMBÁ,7-MA-31HPB-RJS,MAR,Plataforma 08,"2864,252",0,"190,496",0,"4692,876",,,,,,,,
2026,01/2026,Rio de Janeiro,Campos,MARIMBÁ,3-BRSA-767A-RJS,MAR,Plataforma 08,"547,899",0,"28,625",0,"5509,226",,,,,,,,
2026,01/2026,Rio de Janeiro,Campos,MARIMBÁ,7-MA-14D-RJS,MAR,Plataforma 08,"2627,706",0,"185,729",0,"8354,481",,,,,,,,
2026,01/2026,Rio de Janeiro,Campos,MARIMBÁ,7-MA-15D-RJS,MAR,Plataforma 08,"6511,05",0,"479,198",0,"9653,464",,,,,,,,
2026,01/2026,Rio de Janeiro,Campos,MARIMBÁ,4-RJS-338-RJS,MAR,Plataforma 08,"4105,745",0,"292,09",0,"3483,073",,,,,,,,
2026,01/2026,Rio de Janeiro,Campos,MARIMBÁ,7-MA-16D-RJS,MAR,Plataforma 08,"1183,98",0,"84,55",0,"4111,47",,,,,,,,
2026,01/2026,Rio de Janeiro,Campos,MARIMBÁ,3-RJS-394D-RJ,MAR,Plataforma 08,"1,608",0,"0,269",0,"5,443",,,,,,,,
2026,01/2026,Rio de Janeiro,Campos,ALBACORA LESTE,7-ABL-68HP-RJS,MAR,FPSO FORTE,"9797,969",0,"8771,975",0,"28815,673",,,,,,,,
2026,01/2026,Rio de Janeiro,Campos,MARLIM SUL,7-MRL-218HP-RJS,MAR,FPSO ANITA GARIBALDI,"410,857",0,"30,385",0,"283,077",,,,,,,,
2026,01/2026,Rio de Janeiro,Campos,MARLIM SUL,7-MRL-222HPA-RJS,MAR,FPSO ANNA NERY,"487,053",0,"53,541",0,"358,043",,,,,,,,
2026,01/2026,Rio de Janeiro,Campos,MARLIM SUL,7-MRL-233H-RJS,MAR,FPSO ANNA NERY,"554,814",0,"68,944",0,"0,555",,,,,,,,
2026,01/2026,Rio de Janeiro,Campos,MARLIM SUL,7-MRL-234H-RJS,MAR,FPSO ANNA NERY,"322,182",0,"44,577",0,"919,714",,,,,,,,
2026,01/2026,Rio de Janeiro,Campos,MARLIM SUL,7-MRL-235HA-RJS,MAR,FPSO ANNA NERY,"135,434",0,"13,251",0,"759,468",,,,,,,,
2026,01/2026,Rio de Janeiro,Campos,MARLIM SUL,7-MRL-243HA-RJS,MAR,FPSO ANNA NERY,"340,58",0,"18,946",0,"209,428",,,,,,,,
2026,01/2026,Rio de Janeiro,Campos,MARLIM SUL,7-MRL-244H-RJS,MAR,FPSO ANITA GARIBALDI,"205,352",0,"21,847",0,"453,719",,,,,,,,
2026,01/2026,Rio de Janeiro,Campos,MARLIM SUL,7-MRL-237H-RJS,MAR,FPSO ANNA NERY,"236,081",0,"29,99",0,"1808,265",,,,,,,,
2026,01/2026,Rio de Janeiro,Campos,MARLIM SUL,7-MRL-236H-RJS,MAR,FPSO ANNA NERY,"153,4",0,"22,653",0,"428,828",,,,,,,,
2026,01/2026,Rio de Janeiro,Campos,FRADE,7-FR-34HP-RJS,MAR,FPSO FRADE,0,0,0,0,0,,,,,,,,
2026,01/2026,Espírito Santo,Campos,JUBARTE,7-BFR-12PA-ESS,MAR,Petrobras 58,"56366,316",0,"22876,598",0,"13168,065",,,,,,,,
2026,01/2026,Espírito Santo,Campos,JUBARTE,7-JUB-4HP-ESS,MAR,Petrobras 57,"10352,856",0,"367,652",0,"40951,912",,,,,,,,
2026,01/2026,Espírito Santo,Campos,JUBARTE,8-JUB-59D-ESS,MAR,Petrobras 58,"25002,026",0,"7405,724",0,"77150,512",,,,,,,,
2026,01/2026,Espírito Santo,Campos,JUBARTE,7-JUB-11HPA-ESS,MAR,Petrobras 57,"6637,9",0,"165,837",0,"40228,133",,,,,,,,
2026,01/2026,Espírito Santo,Campos,JUBARTE,7-JUB-80D-ESS,MAR,Petrobras 58,"23163,26",0,"5395,416",0,"935,185",,,,,,,,
2026,01/2026,Espírito Santo,Campos,JUBARTE,3-BRSA-149HPA-ESS,MAR,Petrobras 57,"14536,199",0,"609,783",0,"92247,047",,,,,,,,
2026,01/2026,Espírito Santo,Campos,JUBARTE,7-JUB-16HP-ESS,MAR,Petrobras 57,"13528,236",0,"547,408",0,"56943,476",,,,,,,,
2026,01/2026,Espírito Santo,Campos,JUBARTE,7-JUB-24H-ESS,MAR,Petrobras 57,"11790,71",0,"546,062",0,"108276,631",,,,,,,,
2026,01/2026,Espírito Santo,Campos,JUBARTE,7-JUB-27HP-ESS,MAR,Petrobras 57,"13002,494",0,"584,54",0,"105844,045",,,,,,,,
2026,01/2026,Espírito Santo,Campos,JUBARTE,7-JUB-31H-ESS,MAR,Petrobras 57,"11916,407",0,"536,397",0,"94228,552",,,,,,,,
2026,01/2026,Espírito Santo,Campos,JUBARTE,7-JUB-63-ESS,MAR,FPSO CIDADE DE ANCHIETA,"68229,141",0,"18702,387",0,"91370,982",,,,,,,,
2026,01/2026,Espírito Santo,Campos,JUBARTE,7-JUB-51H-ESS,MAR,Petrobras 57,"7621,767",0,"367,014",0,"85856,355",,,,,,,,
2026,01/2026,Espírito Santo,Campos,JUBARTE,7-JUB-54HA-ESS,MAR,Petrobras 57,"12600,742",0,"566,805",0,"83158,286",,,,,,,,
2026,01/2026,Espírito Santo,Campos,JUBARTE,7-JUB-81H-ESS,MAR,Petrobras 58,"58864,983",0,"8729,994",0,"65,254",,,,,,,,
2026,01/2026,Rio de Janeiro,Campos,MARLIM SUL,7-MRL-228H-RJS,MAR,FPSO ANNA NERY,"210,816",0,"12,184",0,"317,148",,,,,,,,
2026,01/2026,Rio de Janeiro,Campos,MARLIM SUL,7-MRL-210HPA-RJS,MAR,FPSO ANNA NERY,"567,021",0,"68,792",0,"470,424",,,,,,,,
2026,01/2026,Rio de Janeiro,Campos,MARLIM SUL,7-MRL-150HP-RJS,MAR,FPSO ANNA NERY,"18,694",0,"2,399",0,"70,094",,,,,,,,
2026,01/2026,Rio de Janeiro,Campos,MARLIM SUL,9-MRL-201-RJS,MAR,FPSO ANNA NERY,"283,276",0,"21,651",0,"153,602",,,,,,,,
2026,01/2026,Rio de Janeiro,Campos,MARLIM SUL,7-MRL-239HA-RJS,MAR,FPSO ANITA GARIBALDI,"209,782",0,"17,15",0,"272,888",,,,,,,,
2026,01/2026,Rio de Janeiro,Campos,MARLIM SUL,7-MRL-238HA-RJS,MAR,FPSO ANNA NERY,"574,4",0,"71,302",0,"732,757",,,,,,,,
2026,01/2026,Rio de Janeiro,Campos,MARLIM SUL,7-MRL-223HP-RJS,MAR,FPSO ANNA NERY,"387,762",0,"49,722",0,"847,22",,,,,,,,
2026,01/2026,Rio de Janeiro,Campos,MARLIM SUL,7-MRL-230HP-RJS,MAR,FPSO ANITA GARIBALDI,"834,491",0,"81,828",0,"3,875",,,,,,,,
2026,01/2026,Rio de Janeiro,Campos,MARLIM SUL,7-MRL-206HB-RJS,MAR,FPSO ANITA GARIBALDI,"133,197",0,"22,133",0,"999,129",,,,,,,,
2026,01/2026,Rio de Janeiro,Campos,TUBARÃO MARTELO,7-TBMT-2HP-RJS,MAR,FPSO Bravo,"5751,856",0,"30,283",0,"344,324",,,,,,,,
2026,01/2026,Rio de Janeiro,Campos,TUBARÃO MARTELO,7-TBMT-4HP-RJS,MAR,FPSO Bravo,"6982,459",0,"37,196",0,"163,179",,,,,,,,
2026,01/2026,Rio de Janeiro,Campos,TUBARÃO MARTELO,7-TBMT-6HP-RJS,MAR,FPSO Bravo,"7589,469",0,"99,487",0,"95,03",,,,,,,,
2026,01/2026,Rio de Janeiro,Campos,TUBARÃO MARTELO,7-TBMT-8H-RJS,MAR,FPSO Bravo,"5010,338",0,"53,083",0,"697,164",,,,,,,,
2026,01/2026,Rio de Janeiro,Campos,TUBARÃO MARTELO,7-TBMT-10H-RJS,MAR,FPSO Bravo,"12477,744",0,"611,703",0,"154,487",,,,,,,,
2026,01/2026,Rio de Janeiro,Campos,TUBARÃO MARTELO,9-OGX-44HP-RJS,MAR,FPSO Bravo,"5655,158",0,"132,517",0,"18838,123",,,,,,,,
2026,01/2026,Espírito Santo,Campos,JUBARTE,6-BRSA-639-ESS,MAR,Petrobras 58,"8713,047",0,"2287,788",0,"4225,787",,,,,,,,
2026,01/2026,Espírito Santo,Campos,JUBARTE,8-JUB-39-ESS,MAR,Petrobras 58,"7865,188",0,"2333,578",0,"7322,696",,,,,,,,
2026,01/2026,Espírito Santo,Campos,JUBARTE,7-CHT-7HP-ESS,MAR,Petrobras 58,"28956,568",0,"2724,607",0,"72450,154",,,,,,,,
2026,01/2026,Espírito Santo,Campos,JUBARTE,7-JUB-2HPA-ESS,MAR,Petrobras 57,"8099,794",0,"457,221",0,"12296,409",,,,,,,,
2026,01/2026,Espírito Santo,Campos,JUBARTE,7-JUB-9HP-ESS,MAR,Petrobras 57,"6145,324",0,"377,045",0,"75976,668",,,,,,,,
2026,01/2026,Espírito Santo,Campos,JUBARTE,7-JUB-37H-ESS,MAR,Petrobras 58,"18679,236",0,"1629,758",0,"93779,307",,,,,,,,
2026,01/2026,Espírito Santo,Campos,JUBARTE,7-JUB-14HA-ESS,MAR,Petrobras 57,"5866,094",0,"370,203",0,"74924,861",,,,,,,,
2026,01/2026,Espírito Santo,Campos,JUBARTE,7-JUB-53H-ESS,MAR,Petrobras 57,"9254,201",0,"694,427",0,"62135,158",,,,,,,,
2026,01/2026,Espírito Santo,Campos,JUBARTE,7-JUB-79H-ESS,MAR,Petrobras 58,"39938,518",0,"3156,898",0,"717,417",,,,,,,,
2026,01/2026,Espírito Santo,Campos,JUBARTE,7-BAZ-4-ESS,MAR,FPSO CIDADE DE ANCHIETA,"12590,511",0,"3673,261",0,"37994,57",,,,,,,,
2026,01/2026,Espírito Santo,Campos,JUBARTE,7-CHT-5HA-ESS,MAR,Petrobras 58,"25421,8",0,"2153,625",0,"79359,768",,,,,,,,
2026,01/2026,Espírito Santo,Campos,JUBARTE,6-BRSA-1222A-ESS,MAR,Petrobras 58,"23620,076",0,"5645,848",0,"55428,303",,,,,,,,
2026,01/2026,Espírito Santo,Campos,JUBARTE,7-JUB-6HB-ESS,MAR,Petrobras 57,"7372,91",0,"574,402",0,"5587,871",,,,,,,,
2026,01/2026,Espírito Santo,Campos,JUBARTE,7-BFR-7-ESS,MAR,Petrobras 58,"11148,783",0,"4134,673",0,"11237,355",,,,,,,,
2026,01/2026,Espírito Santo,Campos,JUBARTE,7-BAZ-9HA-ESS,MAR,FPSO CIDADE DE ANCHIETA,"11653,462",0,"3300,961",0,"745,116",,,,,,,,
2026,01/2026,Espírito Santo,Campos,JUBARTE,7-CHT-9H-ESS,MAR,Petrobras 58,"16934,789",0,"1396,518",0,"84520,613",,,,,,,,
2026,01/2026,Espírito Santo,Campos,JUBARTE,7-JUB-19H-ESS,MAR,Petrobras 57,"8006,861",0,"594,766",0,"52892,087",,,,,,,,
2026,01/2026,Espírito Santo,Campos,JUBARTE,7-JUB-57DPA-ESS,MAR,Petrobras 58,"12320,682",0,"3963,094",0,"54511,355",,,,,,,,
2026,01/2026,Espírito Santo,Campos,JUBARTE,7-JUB-67H-ESS,MAR,Petrobras 58,"25257,842",0,"2443,393",0,"11900,94",,,,,,,,
2026,01/2026,Espírito Santo,Campos,JUBARTE,7-JUB-13HP-ESS,MAR,Petrobras 57,"5880,753",0,"536,609",0,"46363,289",,,,,,,,
2026,01/2026,Espírito Santo,Campos,JUBARTE,7-JUB-58DPA-ESS,MAR,Petrobras 58,"22855,81",0,"5247,901",0,"9825,786",,,,,,,,
2026,01/2026,Rio de Janeiro,Campos,MARLIM SUL,7-MLS-189HP-RJS,MAR,Petrobras 56,"9440,981",0,"1027,336",0,"102061,2",,,,,,,,
2026,01/2026,Rio de Janeiro,Campos,MARLIM SUL,7-MLS-157H-RJS,MAR,Petrobras 56,"26668,227",0,"8438,819",0,"96784,825",,,,,,,,
2026,01/2026,Rio de Janeiro,Campos,MARLIM SUL,7-MLS-93HP-RJS,MAR,Petrobras 51,"12563,866",0,"1099,941",0,"61142,791",,,,,,,,
2026,01/2026,Rio de Janeiro,Campos,MARLIM SUL,7-MLS-63HPA-RJS,MAR,Petrobras 51,"12746,063",0,"1165,673",0,"75692,147",,,,,,,,
2026,01/2026,Rio de Janeiro,Campos,MARLIM SUL,7-MLS-220HA-RJS,MAR,Petrobras 56,"15129,544",0,"2182,507",0,"22858,466",,,,,,,,
2026,01/2026,Rio de Janeiro,Campos,MARLIM SUL,7-MLS-211H-RJS,MAR,Petrobras 51,"27636,874",0,"1843,949",0,"128653,928",,,,,,,,
2026,01/2026,Rio de Janeiro,Campos,MARLIM SUL,7-MLS-111HP-RJS,MAR,Petrobras 51,"6553,577",0,"756,304",0,"78287,297",,,,,,,,
2026,01/2026,Rio de Janeiro,Campos,MARLIM SUL,7-MLS-225D-RJS,MAR,Petrobras 40,"14754,161",0,"2245,241",0,"29959,99",,,,,,,,
2026,01/2026,Rio de Janeiro,Campos,MARLIM SUL,3-BRSA-653D-RJS,MAR,Petrobras 40,"17495,999",0,"2621,075",0,"13192,433",,,,,,,,
2026,01/2026,Rio de Janeiro,Campos,MARLIM SUL,7-MLS-208HA-RJS,MAR,Petrobras 51,"15106,423",0,"1259,553",0,"50098,046",,,,,,,,
2026,01/2026,Rio de Janeiro,Campos,MARLIM SUL,6-BRSA-1349-RJS,MAR,Petrobras 40,"15950,533",0,"1558,937",0,"24112,11",,,,,,,,
2026,01/2026,Rio de Janeiro,Campos,MARLIM SUL,7-MLS-45HP-RJS,MAR,Petrobras 40,"21092,761",0,"2833,597",0,"31169,058",,,,,,,,
2026,01/2026,Rio de Janeiro,Campos,MARLIM SUL,7-MLS-169HP-RJS,MAR,Petrobras 40,"3895,942",0,"706,708",0,"35510,193",,,,,,,,
2026,01/2026,Rio de Janeiro,Campos,MARLIM SUL,7-MLS-175D-RJS,MAR,Petrobras 40,"32425,549",0,"4032,786",0,"4714,986",,,,,,,,
2026,01/2026,Rio de Janeiro,Campos,MARLIM SUL,7-MLS-163HP-RJS,MAR,Petrobras 56,"19570,16",0,"1507,643",0,"43062,161",,,,,,,,
2026,01/2026,Rio de Janeiro,Campos,MARLIM SUL,7-MLS-153H-RJS,MAR,Petrobras 56,"6516,769",0,"976,508",0,"91349,987",,,,,,,,
2026,01/2026,Rio de Janeiro,Campos,MARLIM SUL,7-MLS-200HP-RJS,MAR,Petrobras 40,"22882,581",0,"3097,784",0,"45425,574",,,,,,,,
2026,01/2026,Rio de Janeiro,Campos,MARLIM SUL,7-MLS-95H-RJS,MAR,Petrobras 51,"4430,629",0,"835,044",0,"21400,6",,,,,,,,
2026,01/2026,Rio de Janeiro,Campos,MARLIM SUL,7-MLS-30HP-RJS,MAR,Petrobras 40,"20126,562",0,"2453,547",0,"44804,624",,,,,,,,
2026,01/2026,Rio de Janeiro,Campos,MARLIM SUL,7-MLS-51HP-RJS,MAR,Petrobras 40,"10519,294",0,"1868,181",0,"32934,585",,,,,,,,
2026,01/2026,Rio de Janeiro,Campos,MARLIM SUL,7-MLS-217HPA-RJS,MAR,Petrobras 51,"9788,942",0,"776,349",0,"1431,902",,,,,,,,
2026,01/2026,Rio de Janeiro,Campos,MARLIM SUL,7-MLS-117HP-RJS,MAR,Petrobras 51,"5138,137",0,"693,307",0,"37820,805",,,,,,,,
2026,01/2026,Rio de Janeiro,Campos,MARLIM SUL,7-MLS-209HA-RJS,MAR,Petrobras 51,"6714,802",0,"682,092",0,"46247,929",,,,,,,,
2026,01/2026,Rio de Janeiro,Campos,MARLIM SUL,7-MLS-230D-RJS,MAR,Petrobras 51,"11467,533",0,"1036,844",0,"352,482",,,,,,,,
2026,01/2026,Rio de Janeiro,Campos,MARLIM SUL,7-MLS-240HA-RJS,MAR,Petrobras 56,"13286,853",0,"1275,626",0,"12726,161",,,,,,,,
2026,01/2026,Rio de Janeiro,Campos,MARLIM SUL,7-MLS-10HPB-RJS,MAR,Petrobras 40,"7934,215",0,"1027,455",0,"44333,232",,,,,,,,
2026,01/2026,Rio de Janeiro,Campos,FRADE,7-FR-30H-RJS,MAR,FPSO FRADE,"6635,588",0,"649,961",0,"241,779",,,,,,,,
2026,01/2026,Rio de Janeiro,Campos,FRADE,7-FR-25HP-RJS,MAR,FPSO FRADE,"9085,496",0,"632,477",0,"15148,294",,,,,,,,
2026,01/2026,Rio de Janeiro,Campos,FRADE,7-FR-15HP-RJS,MAR,FPSO FRADE,"15000,332",0,"1262,241",0,"5034,547",,,,,,,,
2026,01/2026,Rio de Janeiro,Campos,FRADE,7-FR-33HP-RJS,MAR,FPSO FRADE,"13979,747",0,"1000,012",0,"20,047",,,,,,,,
2026,01/2026,Rio de Janeiro,Campos,FRADE,7-FR-63H-RJS,MAR,FPSO FRADE,"7919,661",0,"283,378",0,"11060,179",,,,,,,,
2026,01/2026,Rio de Janeiro,Campos,FRADE,7-FR-54H-RJS,MAR,FPSO FRADE,"23390,025",0,"2211,407",0,"26019,195",,,,,,,,
2026,01/2026,Rio de Janeiro,Campos,FRADE,7-FR-64HP-RJS,MAR,FPSO FRADE,"11607,838",0,"266,47",0,"2187,478",,,,,,,,
2026,01/2026,Rio de Janeiro,Campos,FRADE,7-FR-60HP-RJS,MAR,FPSO FRADE,"14139,999",0,"924,575",0,"25182,772",,,,,,,,
2026,01/2026,Rio de Janeiro,Campos,FRADE,7-FR-8HP-RJS,MAR,FPSO FRADE,"9048,553",0,"84,453",0,"30379,582",,,,,,,,
2026,01/2026,Rio de Janeiro,Campos,FRADE,7-FR-26HP-RJS,MAR,FPSO FRADE,"4970,884",0,"155,382",0,"4546,876",,,,,,,,
2026,01/2026,Rio de Janeiro,Campos,FRADE,7-FR-61HP-RJS,MAR,FPSO FRADE,"29401,988",0,"1582,166",0,"88,959",,,,,,,,
2026,01/2026,Rio de Janeiro,Campos,ALBACORA LESTE,7-ABL-56HP-RJS,MAR,FPSO FORTE,"6844,833",0,"686,54",0,"57673,985",,,,,,,,
2026,01/2026,Rio de Janeiro,Campos,ALBACORA LESTE,7-AB-134HPA-RJS,MAR,FPSO FORTE,"23730,019",0,"2191,116",0,"20732,351",,,,,,,,
2026,01/2026,Rio de Janeiro,Campos,ALBACORA LESTE,7-ABL-87HP-RJS,MAR,FPSO FORTE,"7949,989",0,"894,728",0,"44828,951",,,,,,,,
2026,01/2026,Rio de Janeiro,Campos,ALBACORA LESTE,7-ABL-81HP-RJS,MAR,FPSO FORTE,"12240,858",0,"3409,939",0,"40985,439",,,,,,,,
2026,01/2026,Rio de Janeiro,Campos,ALBACORA LESTE,7-ABL-78HP-RJS,MAR,FPSO FORTE,"22498,991",0,"6368,456",0,"7955,424",,,,,,,,
2026,01/2026,Rio de Janeiro,Campos,ALBACORA LESTE,7-ABL-54HP-RJS,MAR,FPSO FORTE,"7987,003",0,"1635,398",0,"25101,916",,,,,,,,
2026,01/2026,Rio de Janeiro,Campos,ALBACORA LESTE,7-ABL-24HP-RJS,MAR,FPSO FORTE,"15929,627",0,"2299,837",0,"33233,218",,,,,,,,
2026,01/2026,Rio de Janeiro,Campos,ALBACORA LESTE,7-ABL-44HP-RJS,MAR,FPSO FORTE,"9187,861",0,"914,894",0,"10217,695",,,,,,,,
2026,01/2026,Rio de Janeiro,Campos,ALBACORA LESTE,7-ABL-20HP-RJS,MAR,FPSO FORTE,"6942,727",0,"535,602",0,"60940,444",,,,,,,,
2026,01/2026,Rio de Janeiro,Campos,ALBACORA LESTE,7-ABL-16HP-RJS,MAR,FPSO FORTE,"7479,183",0,"437,242",0,"4719,962",,,,,,,,
2026,01/2026,Rio de Janeiro,Campos,ALBACORA LESTE,7-ABL-11H-RJS,MAR,FPSO FORTE,"6096,123",0,"654,091",0,"4117,843",,,,,,,,
2026,01/2026,Rio de Janeiro,Campos,ALBACORA LESTE,7-ABL-50HP-RJS,MAR,FPSO FORTE,"10110,365",0,"1583,635",0,"21544,158",,,,,,,,
2026,01/2026,São Paulo,Santos,BAÚNA,7-BAN-5D-SPS,MAR,FPSO CIDADE DE ITAJAÍ,"7634,705",0,"551,774",0,"10786,941",,,,,,,,
2026,01/2026,São Paulo,Santos,BAÚNA,7-BAN-4D-SPS,MAR,FPSO CIDADE DE ITAJAÍ,"17628,159",0,"1074,894",0,"4906,263",,,,,,,,
2026,01/2026,São Paulo,Santos,BAÚNA,1-BRSA-607-SPS,MAR,FPSO CIDADE DE ITAJAÍ,"11994,563",0,"703,46",0,"50295,169",,,,,,,,
2026,01/2026,São Paulo,Santos,BAÚNA,7-BAN-1-SPS,MAR,FPSO CIDADE DE ITAJAÍ,"11191,479",0,"560,957",0,"18792,797",,,,,,,,
2026,01/2026,São Paulo,Santos,BAÚNA,9-BRSA-999-SPS,MAR,FPSO CIDADE DE ITAJAÍ,"16986,287",0,"6077,137",0,"20116,007",,,,,,,,
2026,01/2026,Bahia,Camamu,MANATI,7-MNT-1-BAS,MAR,PLATAFORMA DE MANATI,0,"177,271",0,"8804,376","84,522",,,,,,,,
2026,01/2026,Bahia,Camamu,MANATI,7-MNT-5D-BAS,MAR,PLATAFORMA DE MANATI,0,"102,342",0,"11416,14","82,197",,,,,,,,
2026,01/2026,Bahia,Camamu,MANATI,7-MNT-3-BAS,MAR,PLATAFORMA DE MANATI,0,"185,872",0,"7137,869","74,134",,,,,,,,
2026,01/2026,Bahia,Camamu,MANATI,7-MNT-4-BAS,MAR,PLATAFORMA DE MANATI,0,"151,878",0,"7312,469","140,399",,,,,,,,
2026,01/2026,Espírito Santo,Espírito Santo,PEROÁ,1-ESS-77-ESS,MAR,Plataforma 3R-1,0,"228,155",0,"3605,754","195,274",,,,,,,,
2026,01/2026,Espírito Santo,Espírito Santo,PEROÁ,3-ESS-82-ESS,MAR,Plataforma 3R-1,0,"145,885",0,"3115,03","27,156",,,,,,,,
2026,01/2026,Espírito Santo,Espírito Santo,PEROÁ,4-ESS-89A-ESS,MAR,Plataforma 3R-1,0,"67,962",0,"3019,643","107,943",,,,,,,,
2026,01/2026,Rio de Janeiro,Campos,RONCADOR,8-RO-81HP-RJS,MAR,Petrobras 54,,,,,,0,48101,0,0,0,0,0,0
2026,01/2026,Rio de Janeiro,Campos,RONCADOR,8-RO-70HP-RJS,MAR,Petrobras 54,,,,,,0,24013,0,0,0,0,0,0
2026,01/2026,Rio de Janeiro,Campos,RONCADOR,8-RO-54HP-RJS,MAR,Petrobras 54,,,,,,0,106211,0,0,0,0,0,0
2026,01/2026,Rio de Janeiro,Campos,RONCADOR,8-RO-186H-RJS,MAR,Petrobras 54,,,,,,0,96732,0,0,0,0,0,0
2026,01/2026,Rio de Janeiro,Campos,RONCADOR,8-RO-52HPA-RJS,MAR,Petrobras 54,,,,,,0,42063,0,0,0,0,0,0
2026,01/2026,Rio de Janeiro,Campos,RONCADOR,8-RO-181H-RJS,MAR,Petrobras 55,,,,,,0,"145415,52",0,0,0,0,0,0
2026,01/2026,Rio de Janeiro,Campos,VOADOR,8-MRL-66HB-RJS,MAR,FPSO ANITA GARIBALDI,,,,,,0,13731,0,0,0,0,0,0
2026,01/2026,Espírito Santo,Campos,JUBARTE,8-JUB-30HA-ESS,MAR,Petrobras 57,,,,,,0,137129,0,0,0,0,0,0
2026,01/2026,Espírito Santo,Campos,JUBARTE,8-JUB-23HB-ESS,MAR,Petrobras 57,,,,,,0,"275529,6",0,0,0,0,0,0
2026,01/2026,Rio de Janeiro,Campos,MARLIM SUL,8-MLS-239H-RJS,MAR,Petrobras 56,,,,,,0,86384,0,0,0,0,0,0
2026,01/2026,Rio de Janeiro,Campos,MARLIM SUL,8-MLS-41HP-RJS,MAR,Petrobras 40,,,,,,0,"50291,034",0,0,0,0,0,0
2026,01/2026,Rio de Janeiro,Campos,MARLIM SUL,8-MLS-67HA-RJS,MAR,Petrobras 40,,,,,,0,"46210,522",0,0,0,0,0,0
2026,01/2026,Rio de Janeiro,Campos,MARLIM SUL,8-MLS-77H-RJS,MAR,Petrobras 40,,,,,,0,"8321,848",0,0,0,0,0,0
2026,01/2026,Rio de Janeiro,Campos,MARLIM SUL,8-MLS-238H-RJS,MAR,Petrobras 51,,,,,,0,66521,0,0,0,0,0,0
2026,01/2026,Rio de Janeiro,Campos,MARLIM SUL,8-MLS-202H-RJS,MAR,Petrobras 51,,,,,,0,87224,0,0,0,0,0,0
2026,01/2026,Rio de Janeiro,Campos,MARLIM SUL,8-MLS-123HB-RJS,MAR,Petrobras 51,,,,,,0,64085,0,0,0,0,0,0
2026,01/2026,Rio de Janeiro,Campos,MARLIM SUL,8-MLS-125HP-RJS,MAR,Petrobras 51,,,,,,0,42517,0,0,0,0,0,0
2026,01/2026,Rio de Janeiro,Campos,MARLIM SUL,8-MLS-193HPA-RJS,MAR,Petrobras 56,,,,,,0,73036,0,0,0,0,0,0
2026,01/2026,Rio de Janeiro,Campos,MARLIM SUL,8-MLS-19HP-RJS,MAR,Petrobras 40,,,,,,0,"39797,654",0,0,0,0,0,0
2026,01/2026,Rio de Janeiro,Campos,RONCADOR,8-RO-184H-RJS,MAR,Petrobras 55,,,,,,0,"24972,65",0,0,0,0,0,0
2026,01/2026,Rio de Janeiro,Campos,MARLIM SUL,8-MLS-229D-RJS,MAR,Petrobras 40,,,,,,0,"36121,571",0,0,0,0,0,0
2026,01/2026,Rio de Janeiro,Campos,PARGO,7-PG-8D-RJS,MAR,PLATAFORMA DE PARGO 1A,,,,,,0,9180,0,0,0,0,0,0
2026,01/2026,Rio de Janeiro,Campos,PARGO,7-PG-23D-RJS,MAR,PLATAFORMA DE PARGO 1A,,,,,,0,7011,0,0,0,0,0,0
2026,01/2026,Rio de Janeiro,Campos,PARGO,7-PG-18D-RJS,MAR,PLATAFORMA DE PARGO 1A,,,,,,0,3964,0,0,0,0,0,0
2026,01/2026,Espírito Santo,Campos,ARGONAUTA,8-JUB-42DA-ESS,MAR,Petrobras 58,,,,,,0,"1578,653",0,0,0,0,0,0
2026,01/2026,Espírito Santo,Campos,ARGONAUTA,8-JUB-47D-ESS,MAR,Petrobras 58,,,,,,0,"963,956",0,0,0,0,0,0
2026,01/2026,Espírito Santo,Campos,ARGONAUTA,8-JUB-46D-ESS,MAR,Petrobras 58,,,,,,0,"1068,632",0,0,0,0,0,0
2026,01/2026,Espírito Santo,Campos,ARGONAUTA,8-JUB-50D-ESS,MAR,Petrobras 58,,,,,,0,"957,962",0,0,0,0,0,0
2026,01/2026,Espírito Santo,Campos,ARGONAUTA,7-BFR-6-ESS,MAR,Petrobras 58,,,,,,0,"716,191",0,0,0,0,0,0
2026,01/2026,Espírito Santo,Campos,ARGONAUTA,7-BAZ-2-ESS,MAR,FPSO CIDADE DE ANCHIETA,,,,,,0,"1510,522",0,0,0,0,0,0
2026,01/2026,Espírito Santo,Campos,ARGONAUTA,8-BAZ-7-ESS,MAR,FPSO CIDADE DE ANCHIETA,,,,,,0,"382,347",0,0,0,0,0,0
2026,01/2026,Rio de Janeiro,Campos,VERMELHO,7-VM-49D-RJS,MAR,PLATAFORMA DE VERMELHO 1,,,,,,0,3283,0,0,0,0,0,0
2026,01/2026,Rio de Janeiro,Campos,ALBACORA,8-ABL-36HP-RJS,MAR,FPSO FORTE,,,,,,0,"1817,141",0,0,0,0,0,0
2026,01/2026,Rio de Janeiro,Campos,ALBACORA,8-ABL-18HP-RJS,MAR,FPSO FORTE,,,,,,0,"3443,846",0,0,0,0,0,0
2026,01/2026,Rio de Janeiro,Campos,ALBACORA,8-ABL-22HPA-RJS,MAR,FPSO FORTE,,,,,,0,"3030,106",0,0,0,0,0,0
2026,01/2026,Rio de Janeiro,Campos,ALBACORA,8-ABL-88HA-RJS,MAR,FPSO FORTE,,,,,,0,"3704,177",0,0,0,0,0,0
2026,01/2026,Rio de Janeiro,Campos,ALBACORA,8-ABL-52HPA-RJS,MAR,FPSO FORTE,,,,,,0,"1801,072",0,0,0,0,0,0
2026,01/2026,Rio de Janeiro,Campos,ALBACORA,8-ABL-82HA-RJS,MAR,FPSO FORTE,,,,,,0,"14939,726",0,0,0,0,0,0
2026,01/2026,Rio de Janeiro,Campos,ALBACORA,8-ABL-48HP-RJS,MAR,FPSO FORTE,,,,,,0,"3030,106",0,0,0,0,0,0
2026,01/2026,Rio de Janeiro,Campos,RONCADOR,8-RO-189D-RJS,MAR,Petrobras 55,,,,,,0,"952,97",0,0,0,0,0,0
2026,01/2026,Rio de Janeiro,Campos,RONCADOR,8-RO-180H-RJS,MAR,Petrobras 62,,,,,,0,"12590,53",0,0,0,0,0,0
2026,01/2026,Rio de Janeiro,Campos,BARRACUDA,1-RJS-380-RJS,MAR,Petrobras 43,,,,,,0,"3112,94",0,0,0,0,0,0
2026,01/2026,Rio de Janeiro,Campos,BARRACUDA,3-BR-8-RJS,MAR,Petrobras 43,,,,,,0,"43024,96",0,0,0,0,0,0
2026,01/2026,Rio de Janeiro,Campos,BARRACUDA,8-BR-15HP-RJS,MAR,Petrobras 43,,,,,,0,"56391,904",0,0,0,0,0,0
2026,01/2026,Rio de Janeiro,Campos,BARRACUDA,8-BR-57DP-RJS,MAR,Petrobras 43,,,,,,0,"13366,89",0,0,0,0,0,0
2026,01/2026,Rio de Janeiro,Campos,BARRACUDA,8-BR-34HP-RJS,MAR,Petrobras 43,,,,,,0,"23239,366",0,0,0,0,0,0
2026,01/2026,Rio de Janeiro,Campos,BARRACUDA,8-BR-47HP-RJS,MAR,Petrobras 43,,,,,,0,"12451,68",0,0,0,0,0,0
2026,01/2026,Rio de Janeiro,Campos,BARRACUDA,8-BR-16HPA-RJS,MAR,Petrobras 43,,,,,,0,"20624,68",0,0,0,0,0,0
2026,01/2026,Rio de Janeiro,Campos,VOADOR,8-MRL-232DA-RJS,MAR,FPSO ANITA GARIBALDI,,,,,,0,"23293,607",0,0,0,0,0,0
2026,01/2026,Rio de Janeiro,Campos,ALBACORA LESTE,8-ABL-88HA-RJS,MAR,FPSO FORTE,,,,,,0,"119768,402",0,0,0,0,0,0
2026,01/2026,Rio de Janeiro,Campos,ALBACORA LESTE,8-ABL-82HA-RJS,MAR,FPSO FORTE,,,,,,0,"171806,853",0,0,0,0,0,0
2026,01/2026,Rio de Janeiro,Campos,ALBACORA LESTE,8-ABL-18HP-RJS,MAR,FPSO FORTE,,,,,,0,"39604,233",0,0,0,0,0,0
2026,01/2026,Rio de Janeiro,Campos,ALBACORA LESTE,8-ABL-22HPA-RJS,MAR,FPSO FORTE,,,,,,0,"34846,214",0,0,0,0,0,0
2026,01/2026,Rio de Janeiro,Campos,ALBACORA LESTE,8-ABL-36HP-RJS,MAR,FPSO FORTE,,,,,,0,"20897,119",0,0,0,0,0,0
2026,01/2026,Rio de Janeiro,Campos,ALBACORA LESTE,8-ABL-48HP-RJS,MAR,FPSO FORTE,,,,,,0,"34846,214",0,0,0,0,0,0
2026,01/2026,Rio de Janeiro,Campos,ALBACORA LESTE,8-ABL-52HPA-RJS,MAR,FPSO FORTE,,,,,,0,"20712,328",0,0,0,0,0,0
2026,01/2026,Rio de Janeiro,Campos,CARATINGA,3-BR-8-RJS,MAR,Petrobras 43,,,,,,0,"5867,04",0,0,0,0,0,0
2026,01/2026,Rio de Janeiro,Campos,CARATINGA,8-BR-34HP-RJS,MAR,Petrobras 43,,,,,,0,"3169,004",0,0,0,0,0,0
2026,01/2026,Rio de Janeiro,Campos,CARATINGA,8-BR-15HP-RJS,MAR,Petrobras 43,,,,,,0,"7689,806",0,0,0,0,0,0
2026,01/2026,Espírito Santo,Campos,JUBARTE,7-BFR-6-ESS,MAR,Petrobras 58,,,,,,0,"80987,855",0,0,0,0,0,0
2026,01/2026,Espírito Santo,Campos,JUBARTE,8-JUB-52H-ESS,MAR,Petrobras 57,,,,,,0,"77916,6",0,0,0,0,0,0
2026,01/2026,Espírito Santo,Campos,JUBARTE,8-JUB-50D-ESS,MAR,Petrobras 58,,,,,,0,"108327,748",0,0,0,0,0,0
2026,01/2026,Espírito Santo,Campos,JUBARTE,8-JUB-47D-ESS,MAR,Petrobras 58,,,,,,0,"109005,58",0,0,0,0,0,0
2026,01/2026,Espírito Santo,Campos,JUBARTE,8-JUB-46D-ESS,MAR,Petrobras 58,,,,,,0,"120842,364",0,0,0,0,0,0
2026,01/2026,Espírito Santo,Campos,JUBARTE,8-JUB-32H-ESS,MAR,Petrobras 57,,,,,,0,38249,0,0,0,0,0,0
2026,01/2026,Espírito Santo,Campos,JUBARTE,8-JUB-29H-ESS,MAR,Petrobras 57,,,,,,0,"147030,9",0,0,0,0,0,0
2026,01/2026,Espírito Santo,Campos,JUBARTE,8-JUB-42DA-ESS,MAR,Petrobras 58,,,,,,0,"178516,476",0,0,0,0,0,0
2026,01/2026,Espírito Santo,Campos,JUBARTE,8-JUB-25HA-ESS,MAR,Petrobras 57,,,,,,0,"179969,4",0,0,0,0,0,0
2026,01/2026,Espírito Santo,Campos,JUBARTE,8-JUB-28HA-ESS,MAR,Petrobras 57,,,,,,0,"121099,2",0,0,0,0,0,0
2026,01/2026,Espírito Santo,Campos,JUBARTE,8-JUB-68H-ESS,MAR,Petrobras 58,,,,,,0,"97085,6",0,0,0,0,0,0
2026,01/2026,Espírito Santo,Campos,JUBARTE,8-BAZ-7-ESS,MAR,FPSO CIDADE DE ANCHIETA,,,,,,0,"43236,28",0,0,0,0,0,0
2026,01/2026,Espírito Santo,Campos,JUBARTE,8-CHT-10HA-ESS,MAR,Petrobras 58,,,,,,0,"101466,1",0,0,0,0,0,0
2026,01/2026,Espírito Santo,Campos,JUBARTE,7-BAZ-2-ESS,MAR,FPSO CIDADE DE ANCHIETA,,,,,,0,"170811,942",0,0,0,0,0,0
2026,01/2026,Espírito Santo,Campos,JUBARTE,8-JUB-20H-ESS,MAR,Petrobras 57,,,,,,0,"104541,9",0,0,0,0,0,0
2026,01/2026,Espírito Santo,Campos,JUBARTE,8-CHT-8H-ESS,MAR,Petrobras 58,,,,,,0,58344,0,0,0,0,0,0
2026,01/2026,Rio de Janeiro,Campos,MARLIM SUL,8-MLS-25HPA-RJS,MAR,Petrobras 40,,,,,,0,"12516,773",0,0,0,0,0,0
2026,01/2026,Rio de Janeiro,Campos,MARLIM SUL,8-MLS-81HP-RJS,MAR,FPSO ANNA NERY,,,,,,0,"2987,949",0,0,0,0,0,0
2026,01/2026,Rio de Janeiro,Campos,MARLIM SUL,8-MRL-108HP-RJS,MAR,FPSO ANITA GARIBALDI,,,,,,0,"951,779",0,0,0,0,0,0
2026,01/2026,Rio de Janeiro,Campos,MARLIM SUL,8-MRL-175HP-RJS,MAR,FPSO ANNA NERY,,,,,,0,"3297,793",0,0,0,0,0,0
2026,01/2026,Rio de Janeiro,Campos,MARLIM SUL,8-MRL-247H-RJS,MAR,FPSO ANITA GARIBALDI,,,,,,0,"2065,452",0,0,0,0,0,0
2026,01/2026,Rio de Janeiro,Campos,MARLIM SUL,8-MRL-90D-RJS,MAR,FPSO ANITA GARIBALDI,,,,,,0,"1893,218",0,0,0,0,0,0
2026,01/2026,Rio de Janeiro,Campos,MARLIM SUL,8-MRL-94D-RJS,MAR,FPSO ANNA NERY,,,,,,0,"3317,947",0,0,0,0,0,0
2026,01/2026,Rio de Janeiro,Campos,MARLIM SUL,7-MRL-215HP-RJS,MAR,FPSO ANNA NERY,,,,,,0,"2828,612",0,0,0,0,0,0
2026,01/2026,Rio de Janeiro,Campos,MARLIM SUL,8-MLS-6HP-RJS,MAR,Petrobras 40,,,,,,0,"29298,753",0,0,0,0,0,0
2026,01/2026,Rio de Janeiro,Campos,MARLIM SUL,8-MRL-98D-RJS,MAR,FPSO ANNA NERY,,,,,,0,"107,034",0,0,0,0,0,0
2026,01/2026,Rio de Janeiro,Campos,MARLIM SUL,8-MLS-119H-RJS,MAR,Petrobras 51,,,,,,0,23165,0,0,0,0,0,0
2026,01/2026,Rio de Janeiro,Campos,MARLIM SUL,7-MRL-205HP-RJS,MAR,FPSO ANNA NERY,,,,,,0,"2268,438",0,0,0,0,0,0
2026,01/2026,Rio de Janeiro,Campos,MARLIM SUL,8-MLS-17HP-RJS,MAR,Petrobras 40,,,,,,0,"12885,278",0,0,0,0,0,0
2026,01/2026,Rio de Janeiro,Campos,MARLIM SUL,8-MLS-171HPA-RJS,MAR,Petrobras 40,,,,,,0,"12248,148",0,0,0,0,0,0
2026,01/2026,Rio de Janeiro,Campos,MARLIM LESTE,8-MLL-36H-RJS,MAR,Petrobras 53,,,,,,0,9542,0,0,0,0,0,0
2026,01/2026,Rio de Janeiro,Campos,MARLIM,7-MRL-215HP-RJS,MAR,FPSO ANNA NERY,,,,,,0,"150900,324",0,0,0,0,0,0
2026,01/2026,Rio de Janeiro,Campos,MARLIM,8-MRL-94D-RJS,MAR,FPSO ANNA NERY,,,,,,0,"177005,253",0,0,0,0,0,0
2026,01/2026,Rio de Janeiro,Campos,MARLIM,8-MRL-90D-RJS,MAR,FPSO ANITA GARIBALDI,,,,,,0,"100999,082",0,0,0,0,0,0
2026,01/2026,Rio de Janeiro,Campos,MARLIM,8-MRL-247H-RJS,MAR,FPSO ANITA GARIBALDI,,,,,,0,"110187,348",0,0,0,0,0,0
2026,01/2026,Rio de Janeiro,Campos,MARLIM,8-MRL-232DA-RJS,MAR,FPSO ANITA GARIBALDI,,,,,,0,"44816,049",0,0,0,0,0,0
2026,01/2026,Rio de Janeiro,Campos,MARLIM,8-MRL-108HP-RJS,MAR,FPSO ANITA GARIBALDI,,,,,,0,"50775,321",0,0,0,0,0,0
2026,01/2026,Rio de Janeiro,Campos,MARLIM,8-MRL-175HP-RJS,MAR,FPSO ANNA NERY,,,,,,0,"175930,084",0,0,0,0,0,0
2026,01/2026,Rio de Janeiro,Campos,MARLIM,8-MLS-6HP-RJS,MAR,Petrobras 40,,,,,,0,"4208,512",0,0,0,0,0,0
2026,01/2026,Rio de Janeiro,Campos,MARLIM,8-MLS-25HPA-RJS,MAR,Petrobras 40,,,,,,0,"1797,926",0,0,0,0,0,0
2026,01/2026,Rio de Janeiro,Campos,MARLIM,8-MLS-17HP-RJS,MAR,Petrobras 40,,,,,,0,"1850,859",0,0,0,0,0,0
2026,01/2026,Rio de Janeiro,Campos,MARLIM,8-MLS-171HPA-RJS,MAR,Petrobras 40,,,,,,0,"1759,341",0,0,0,0,0,0
2026,01/2026,Rio de Janeiro,Campos,MARLIM,8-MRL-98D-RJS,MAR,FPSO ANNA NERY,,,,,,0,"5710,009",0,0,0,0,0,0
2026,01/2026,Rio de Janeiro,Campos,MARLIM,7-MRL-205HP-RJS,MAR,FPSO ANNA NERY,,,,,,0,"121016,227",0,0,0,0,0,0
2026,01/2026,Rio de Janeiro,Campos,MARLIM,8-MLS-81HP-RJS,MAR,FPSO ANNA NERY,,,,,,0,"159400,603",0,0,0,0,0,0
2026,01/2026,São Paulo,Santos,BAÚNA,9-BRSA-974D-SPS,MAR,FPSO CIDADE DE ITAJAÍ,,,,,,0,"15739,84",0,0,0,0,0,0
2026,01/2026,São Paulo,Santos,BAÚNA,8-BAN-3-SPS,MAR,FPSO CIDADE DE ITAJAÍ,,,,,,0,"11602,22",0,0,0,0,0,0
2026,01/2026,São Paulo,Santos,BAÚNA,3-BRSA-694-SPS,MAR,FPSO CIDADE DE ITAJAÍ,,,,,,0,"26050,07",0,0,0,0,0,0
2026,01/2026,Rio de Janeiro,Campos,ESPADIM,8-MRL-232DA-RJS,MAR,FPSO ANITA GARIBALDI,,,,,,0,"1621,243",0,0,0,0,0,0
2026,01/2026,Espírito Santo,Campos,AnC_Jubarte_Sudoeste,7-BAZ-2-ESS,MAR,FPSO CIDADE DE ANCHIETA,,,,,,0,"2704,888",0,0,0,0,0,0
2026,01/2026,Espírito Santo,Campos,AnC_Jubarte_Sudoeste,7-BFR-6-ESS,MAR,Petrobras 58,,,,,,0,"1282,482",0,0,0,0,0,0
2026,01/2026,Espírito Santo,Campos,AnC_Jubarte_Sudoeste,8-BAZ-7-ESS,MAR,FPSO CIDADE DE ANCHIETA,,,,,,0,"684,667",0,0,0,0,0,0
2026,01/2026,Espírito Santo,Campos,AnC_Jubarte_Sudoeste,8-JUB-50D-ESS,MAR,Petrobras 58,,,,,,0,"1715,42",0,0,0,0,0,0
2026,01/2026,Espírito Santo,Campos,AnC_Jubarte_Sudoeste,8-JUB-46D-ESS,MAR,Petrobras 58,,,,,,0,"1913,595",0,0,0,0,0,0
2026,01/2026,Espírito Santo,Campos,AnC_Jubarte_Sudoeste,8-JUB-47D-ESS,MAR,Petrobras 58,,,,,,0,"1726,155",0,0,0,0,0,0
2026,01/2026,Espírito Santo,Campos,AnC_Jubarte_Sudoeste,8-JUB-42DA-ESS,MAR,Petrobras 58,,,,,,0,"2826,895",0,0,0,0,0,0
2026,01/2026,Espírito Santo,Campos,AnC_Jubarte_Nordeste,7-BAZ-2-ESS,MAR,FPSO CIDADE DE ANCHIETA,,,,,,0,"614,746",0,0,0,0,0,0
2026,01/2026,Espírito Santo,Campos,AnC_Jubarte_Nordeste,7-BFR-6-ESS,MAR,Petrobras 58,,,,,,0,"291,474",0,0,0,0,0,0
2026,01/2026,Espírito Santo,Campos,AnC_Jubarte_Nordeste,8-BAZ-7-ESS,MAR,FPSO CIDADE DE ANCHIETA,,,,,,0,"155,606",0,0,0,0,0,0
2026,01/2026,Espírito Santo,Campos,AnC_Jubarte_Nordeste,8-JUB-50D-ESS,MAR,Petrobras 58,,,,,,0,"389,868",0,0,0,0,0,0
2026,01/2026,Espírito Santo,Campos,AnC_Jubarte_Nordeste,8-JUB-46D-ESS,MAR,Petrobras 58,,,,,,0,"434,909",0,0,0,0,0,0
2026,01/2026,Espírito Santo,Campos,AnC_Jubarte_Nordeste,8-JUB-47D-ESS,MAR,Petrobras 58,,,,,,0,"392,308",0,0,0,0,0,0
2026,01/2026,Espírito Santo,Campos,AnC_Jubarte_Nordeste,8-JUB-42DA-ESS,MAR,Petrobras 58,,,,,,0,"642,478",0,0,0,0,0,0
2026,01/2026,Rio de Janeiro,Campos,MARIMBÁ,8-MA-19D-RJS,MAR,Plataforma 08,,,,,,0,0,0,0,0,0,0,0
2026,01/2026,Rio de Janeiro,Campos,MARIMBÁ,8-MA-20DA-RJS,MAR,Plataforma 08,,,,,,0,0,0,0,0,0,0,0
2026,01/2026,Rio de Janeiro,Campos,BONITO,8-BO-24H-RJS,MAR,PLATAFORMA DE ENCHOVA,,,,,,0,0,0,0,0,0,0,0
2026,01/2026,Rio de Janeiro,Campos,PEREGRINO,8-PRG-36HB-RJS,MAR,PEREGRINO A,,,,,,0,0,0,0,0,0,0,0
2026,01/2026,Rio de Janeiro,Campos,CARAPEBA,3-CRP-4D-RJS,MAR,PLATAFORMA DE CARAPEBA 1,,,,,,0,0,0,0,0,0,0,0
2026,01/2026,Rio de Janeiro,Campos,CARAPEBA,7-CRP-14-RJS,MAR,PLATAFORMA DE CARAPEBA 2,,,,,,0,0,0,0,0,0,0,0
2026,01/2026,Rio de Janeiro,Campos,PARGO,7-PG-22D-RJS,MAR,PLATAFORMA DE PARGO 1A,,,,,,0,0,0,0,0,0,0,0
2026,01/2026,Rio de Janeiro,Campos,CARAPEBA,7-CRP-27D-RJS,MAR,PLATAFORMA DE CARAPEBA 2,,,,,,0,0,0,0,0,0,0,0
2026,01/2026,Rio de Janeiro,Campos,CARAPEBA,7-CRP-30D-RJS,MAR,PLATAFORMA DE CARAPEBA 1,,,,,,0,0,0,0,0,0,0,0
2026,01/2026,Rio de Janeiro,Campos,CARAPEBA,7-CRP-37D-RJS,MAR,PLATAFORMA DE CARAPEBA 1,,,,,,0,0,0,0,0,0,0,0
2026,01/2026,Rio de Janeiro,Campos,CARAPEBA,7-CRP-48D-RJS,MAR,PLATAFORMA DE CARAPEBA 2,,,,,,0,0,0,0,0,0,0,0
2026,01/2026,Rio de Janeiro,Campos,VERMELHO,7-VM-48D-RJS,MAR,PLATAFORMA DE VERMELHO 3,,,,,,0,0,0,0,0,0,0,0
2026,01/2026,Rio de Janeiro,Campos,ALBACORA,8-ABL-34HP-RJS,MAR,FPSO FORTE,,,,,,0,0,0,0,0,0,0,0
2026,01/2026,Rio de Janeiro,Campos,ALBACORA,8-ABL-66HP-RJS,MAR,FPSO FORTE,,,,,,0,0,0,0,0,0,0,0
2026,01/2026,Rio de Janeiro,Campos,ALBACORA LESTE,8-ABL-34HP-RJS,MAR,FPSO FORTE,,,,,,0,0,0,0,0,0,0,0
2026,01/2026,Rio de Janeiro,Campos,ALBACORA LESTE,8-ABL-66HP-RJS,MAR,FPSO FORTE,,,,,,0,0,0,0,0,0,0,0
2026,01/2026,Rio de Janeiro,Campos,RONCADOR,8-RO-152H-RJS,MAR,Petrobras 55,,,,,,0,"62701,48",0,0,0,0,0,0
2026,01/2026,Rio de Janeiro,Campos,MARLIM SUL,8-MLS-232D-RJS,MAR,Petrobras 40,,,,,,0,"76277,782",0,0,0,0,0,0
2026,01/2026,Rio de Janeiro,Campos,MARLIM SUL,8-MLS-121HPA-RJS,MAR,Petrobras 51,,,,,,0,82003,0,0,0,0,0,0
2026,01/2026,Rio de Janeiro,Campos,MARLIM SUL,8-MLS-127HP-RJS,MAR,Petrobras 51,,,,,,0,47750,0,0,0,0,0,0
2026,01/2026,Rio de Janeiro,Campos,MARLIM SUL,8-MLS-173H-RJS,MAR,Petrobras 56,,,,,,0,16656,0,0,0,0,0,0
2026,01/2026,Rio de Janeiro,Campos,MARLIM SUL,8-MLS-183HP-RJS,MAR,Petrobras 56,,,,,,0,56161,0,0,0,0,0,0
2026,01/2026,Rio de Janeiro,Campos,MARLIM SUL,8-MLS-191HPA-RJS,MAR,Petrobras 56,,,,,,0,"88632,998",0,0,0,0,0,0
2026,01/2026,Rio de Janeiro,Santos,BERBIGÃO,8-SRR-7-RJS,MAR,Petrobras 68,,,,,,0,"167923,939",0,0,0,0,0,0
2026,01/2026,Rio de Janeiro,Santos,BERBIGÃO,8-SRR-1A-RJS,MAR,Petrobras 68,,,,,,0,"185202,659",0,0,0,0,0,0
2026,01/2026,Rio de Janeiro,Campos,FRADE,8-FR-56DP-RJS,MAR,FPSO FRADE,,,,,,0,"25422,849",0,0,0,0,0,0
2026,01/2026,Rio de Janeiro,Campos,FRADE,8-FR-57D-RJS,MAR,FPSO FRADE,,,,,,0,"33392,65",0,0,0,0,0,0
2026,01/2026,Rio de Janeiro,Campos,FRADE,8-FR-62H-RJS,MAR,FPSO FRADE,,,,,,0,"40335,502",0,0,0,0,0,0
2026,01/2026,Rio de Janeiro,Campos,FRADE,8-FR-29D-RJS,MAR,FPSO FRADE,,,,,,0,"7407,185",0,0,0,0,0,0
2026,01/2026,Rio de Janeiro,Campos,PEREGRINO,8-PRG-39D-RJS,MAR,PEREGRINO A,,,,,,0,"142530,38",0,0,0,0,0,0
2026,01/2026,Rio de Janeiro,Campos,PEREGRINO,8-PRG-61D-RJS,MAR,PEREGRINO A,,,,,,0,"148687,15",0,0,0,0,0,0
2026,01/2026,Rio de Janeiro,Campos,PEREGRINO,8-PRG-15D-RJS,MAR,PEREGRINO B,,,,,,0,0,0,0,0,0,0,0
2026,01/2026,Rio de Janeiro,Campos,PEREGRINO,8-PRG-84H-RJS,MAR,PEREGRINO C,,,,,,0,0,0,0,0,0,0,0
2026,01/2026,São Paulo,Santos,LAPA,3-BRSA-1101-SPS,MAR,FPSO Cidade de Caraguatatuba - CCG (MV-27),,,,,,0,"64780,92",0,0,0,0,0,0
2026,01/2026,São Paulo,Santos,LAPA,8-LPA-4D-SPS,MAR,FPSO Cidade de Caraguatatuba - CCG (MV-27),,,,,,0,"147676,71",0,0,0,0,0,0
2026,01/2026,Rio de Janeiro,Campos,RONCADOR,8-RO-119HP-RJS,MAR,Petrobras 55,,,,,,0,"6162,98",0,0,0,0,0,0
2026,01/2026,Rio de Janeiro,Campos,RONCADOR,8-RO-94HP-RJS,MAR,Petrobras 55,,,,,,0,"21729,29",0,0,0,0,0,0
2026,01/2026,Rio de Janeiro,Campos,RONCADOR,8-RO-139HP-RJS,MAR,Petrobras 62,,,,,,0,"19881,47",0,0,0,0,0,0
2026,01/2026,Rio de Janeiro,Campos,RONCADOR,8-RO-137HP-RJS,MAR,Petrobras 62,,,,,,0,"31791,1",0,0,0,0,0,0
2026,01/2026,Rio de Janeiro,Campos,RONCADOR,8-RO-96HP-RJS,MAR,Petrobras 55,,,,,,0,"15804,07",0,0,0,0,0,0
2026,01/2026,Rio de Janeiro,Campos,RONCADOR,8-RO-117HP-RJS,MAR,Petrobras 62,,,,,,0,"22889,58",0,0,0,0,0,0
2026,01/2026,Rio de Janeiro,Santos,TAMBUATÁ,8-BUZ-11A-RJS,MAR,PETROBRAS 77,,,,,,0,"1560,935",0,0,0,0,0,0
2026,01/2026,Rio de Janeiro,Santos,TAMBUATÁ,8-BUZ-68D-RJS,MAR,Petrobras 76,,,,,,0,"155,007",0,0,0,0,0,0
2026,01/2026,Rio de Janeiro,Santos,TAMBUATÁ,8-BUZ-58D-RJS,MAR,FPSO ALMIRANTE TAMANDARE,,,,,,0,"1060,877",0,0,0,0,0,0
2026,01/2026,Rio de Janeiro,Santos,TAMBUATÁ,8-BUZ-57D-RJS,MAR,FPSO ALMIRANTE BARROSO,,,,,,0,"1243,743",0,0,0,0,0,0
2026,01/2026,Rio de Janeiro,Santos,TAMBUATÁ,8-BUZ-53D-RJS,MAR,Petrobras 75,,,,,,0,"671,953",0,0,0,0,0,0
2026,01/2026,Rio de Janeiro,Santos,TAMBUATÁ,8-BUZ-5-RJS,MAR,Petrobras 74,,,,,,0,"1033,454",0,0,0,0,0,0
2026,01/2026,Rio de Janeiro,Santos,TAMBUATÁ,8-BUZ-55-RJS,MAR,FPSO ALMIRANTE BARROSO,,,,,,0,"1929,295",0,0,0,0,0,0
2026,01/2026,Rio de Janeiro,Santos,TAMBUATÁ,8-BUZ-35-RJS,MAR,PETROBRAS 77,,,,,,0,"1442,27",0,0,0,0,0,0
2026,01/2026,Rio de Janeiro,Santos,TAMBUATÁ,8-BUZ-37D-RJS,MAR,Petrobras 75,,,,,,0,"788,325",0,0,0,0,0,0
2026,01/2026,Rio de Janeiro,Santos,TAMBUATÁ,8-BUZ-21D-RJS,MAR,PETROBRAS 77,,,,,,0,"1785,618",0,0,0,0,0,0
2026,01/2026,Rio de Janeiro,Santos,TAMBUATÁ,7-BUZ-6-RJS,MAR,Petrobras 74,,,,,,0,"1123,804",0,0,0,0,0,0
2026,01/2026,Rio de Janeiro,Santos,TAMBUATÁ,8-BUZ-26-RJS,MAR,Petrobras 75,,,,,,0,"898,012",0,0,0,0,0,0
2026,01/2026,Rio de Janeiro,Santos,TAMBUATÁ,8-BUZ-27D-RJS,MAR,Petrobras 76,,,,,,0,"1193,926",0,0,0,0,0,0
2026,01/2026,Rio de Janeiro,Campos,MARLIM SUL,8-MRL-144D-RJS,MAR,FPSO ANNA NERY,,,,,,0,"352,102",0,0,0,0,0,0
2026,01/2026,Rio de Janeiro,Campos,MARLIM LESTE,8-MLL-16HPF-RJS,MAR,Petrobras 53,,,,,,0,28280,0,0,0,0,0,0
2026,01/2026,Rio de Janeiro,Campos,MARLIM LESTE,8-MLL-18HP-RJS,MAR,Petrobras 53,,,,,,0,35245,0,0,0,0,0,0
2026,01/2026,Rio de Janeiro,Campos,MARLIM LESTE,8-MLL-68HP-RJS,MAR,Petrobras 53,,,,,,0,"109248,5",0,0,0,0,0,0
2026,01/2026,Rio de Janeiro,Campos,MARLIM LESTE,8-MLL-38HP-RJS,MAR,Petrobras 53,,,,,,0,"97380,5",0,0,0,0,0,0
2026,01/2026,Rio de Janeiro,Campos,MARLIM,8-MRL-144D-RJS,MAR,FPSO ANNA NERY,,,,,,0,"18783,87",0,0,0,0,0,0
2026,01/2026,Rio de Janeiro,Santos,TUPI,8-LL-56-RJS,MAR,FPSO CIDADE DE ITAGUAÍ,,,,,,0,"112187,872",0,0,0,0,0,0
2026,01/2026,Rio de Janeiro,Santos,TUPI,8-LL-65D-RJS,MAR,FPSO CIDADE DE MANGARATIBA,,,,,,0,"286103,911",0,0,0,0,0,0
2026,01/2026,Rio de Janeiro,Santos,TUPI,8-LL-74-RJS,MAR,Petrobras 66,,,,,,0,"158680,936",0,0,0,0,0,0
2026,01/2026,Rio de Janeiro,Santos,TUPI,8-LL-75-RJS,MAR,FPSO CIDADE DE ITAGUAÍ,,,,,,0,"62280,471",0,0,0,0,0,0
2026,01/2026,Rio de Janeiro,Santos,TUPI,8-LL-76D-RJS,MAR,Petrobras 67,,,,,,0,"195481,351",0,0,0,0,0,0
2026,01/2026,Rio de Janeiro,Santos,TUPI,8-LL-77D-RJS,MAR,Petrobras 69,,,,,,0,"205285,937",0,0,0,0,0,0
2026,01/2026,Rio de Janeiro,Santos,TUPI,8-LL-86D-RJS,MAR,FPSO CIDADE DE MARICÁ,,,,,,0,"144544,281",0,0,0,0,0,0
2026,01/2026,Rio de Janeiro,Santos,TUPI,8-LL-88D-RJS,MAR,FPSO CIDADE DE SAQUAREMA,,,,,,0,"99777,499",0,0,0,0,0,0
2026,01/2026,Rio de Janeiro,Santos,TUPI,8-LL-89-RJS,MAR,FPSO CIDADE DE SAQUAREMA,,,,,,0,"88421,976",0,0,0,0,0,0
2026,01/2026,Rio de Janeiro,Santos,TUPI,8-LL-92-RJS,MAR,Petrobras 66,,,,,,0,"166608,625",0,0,0,0,0,0
2026,01/2026,Rio de Janeiro,Santos,TUPI,8-LL-93D-RJS,MAR,Petrobras 66,,,,,,0,"220073,117",0,0,0,0,0,0
2026,01/2026,Rio de Janeiro,Santos,TUPI,8-LL-94D-RJS,MAR,FPSO CIDADE DE MARICÁ,,,,,,0,"99158,112",0,0,0,0,0,0
2026,01/2026,Rio de Janeiro,Santos,TUPI,8-LL-98D-RJS,MAR,FPSO CIDADE DE SAQUAREMA,,,,,,0,"155235,816",0,0,0,0,0,0
2026,01/2026,Rio de Janeiro,Santos,TUPI,8-SLL-1D-RJS,MAR,Petrobras 69,,,,,,0,"172037,024",0,0,0,0,0,0
2026,01/2026,Rio de Janeiro,Santos,TUPI,8-SLL-6-RJS,MAR,Petrobras 69,,,,,,0,"48728,857",0,0,0,0,0,0
2026,01/2026,Rio de Janeiro,Santos,TUPI,8-SLL-7-RJS,MAR,Petrobras 69,,,,,,0,"75598,443",0,0,0,0,0,0
2026,01/2026,Rio de Janeiro,Santos,TUPI,8-TUP-126D-RJS,MAR,FPSO CIDADE DE MARICÁ,,,,,,0,"198282,004",0,0,0,0,0,0
2026,01/2026,Rio de Janeiro,Santos,TUPI,7-LL-41D-RJS,MAR,FPSO CIDADE DE MANGARATIBA,,,,,,0,"185072,08",0,0,0,0,0,0
2026,01/2026,Rio de Janeiro,Santos,TUPI,8-LL-50-RJS,MAR,Petrobras 66,,,,,,0,"138514,716",0,0,0,0,0,0
2026,01/2026,Rio de Janeiro,Santos,TUPI,8-LL-5-RJS,MAR,FPSO CIDADE DE MARICÁ,,,,,,0,"73762,651",0,0,0,0,0,0
2026,01/2026,Rio de Janeiro,Santos,TUPI,8-LL-78D-RJS,MAR,FPSO CIDADE DE SAQUAREMA,,,,,,0,"148336,871",0,0,0,0,0,0
2026,01/2026,Rio de Janeiro,Santos,TUPI,8-LL-47-RJS,MAR,FPSO CIDADE DE ITAGUAÍ,,,,,,0,"62999,168",0,0,0,0,0,0
2026,01/2026,Rio de Janeiro,Santos,TUPI,8-LL-49D-RJS,MAR,FPSO CIDADE DE PARATY,,,,,,0,"98478,631",0,0,0,0,0,0
2026,01/2026,Rio de Janeiro,Santos,TUPI,8-LL-104D-RJS,MAR,FPSO CIDADE DE SAQUAREMA,,,,,,0,"139451,711",0,0,0,0,0,0
2026,01/2026,Rio de Janeiro,Santos,TUPI,8-LL-108D-RJS,MAR,Petrobras 67,,,,,,0,"139107,321",0,0,0,0,0,0
2026,01/2026,Rio de Janeiro,Santos,TUPI,8-LL-111D-RJS,MAR,FPSO CIDADE DE ITAGUAÍ,,,,,,0,"10996,76",0,0,0,0,0,0
2026,01/2026,Rio de Janeiro,Santos,TUPI,8-LL-112-RJS,MAR,Petrobras 66,,,,,,0,"104944,652",0,0,0,0,0,0
2026,01/2026,Rio de Janeiro,Santos,TUPI,8-LL-116D-RJS,MAR,Petrobras 67,,,,,,0,"154852,959",0,0,0,0,0,0
2026,01/2026,Rio de Janeiro,Santos,TUPI,8-LL-118D-RJS,MAR,Petrobras 67,,,,,,0,"185388,556",0,0,0,0,0,0
2026,01/2026,Rio de Janeiro,Santos,TUPI,8-LL-14D-RJS,MAR,FPSO CIDADE DE PARATY,,,,,,0,"76292,837",0,0,0,0,0,0
2026,01/2026,Rio de Janeiro,Santos,TUPI,8-LL-18-RJS,MAR,FPSO CIDADE DE PARATY,,,,,,0,"304678,342",0,0,0,0,0,0
2026,01/2026,Rio de Janeiro,Santos,TUPI,7-LL-10-RJS,MAR,FPSO CIDADE DE SAQUAREMA,,,,,,0,"148705,857",0,0,0,0,0,0
2026,01/2026,Rio de Janeiro,Santos,TUPI,8-LL-23-RJS,MAR,FPSO CIDADE DE MANGARATIBA,,,,,,0,"18535,569",0,0,0,0,0,0
2026,01/2026,Rio de Janeiro,Santos,TUPI,8-LL-43D-RJS,MAR,FPSO CIDADE DE ITAGUAÍ,,,,,,0,"175604,14",0,0,0,0,0,0
2026,01/2026,Rio de Janeiro,Santos,TUPI,8-LL-42D-RJS,MAR,FPSO CIDADE DE MARICÁ,,,,,,0,"39118,399",0,0,0,0,0,0
2026,01/2026,Rio de Janeiro,Santos,TUPI,8-LL-40-RJS,MAR,FPSO CIDADE DE ITAGUAÍ,,,,,,0,"178887,111",0,0,0,0,0,0
2026,01/2026,Rio de Janeiro,Santos,TUPI,8-LL-39-RJS,MAR,FPSO CIDADE DE MANGARATIBA,,,,,,0,"192592,591",0,0,0,0,0,0
2026,01/2026,Rio de Janeiro,Santos,TUPI,8-LL-44-RJS,MAR,FPSO CIDADE DE ITAGUAÍ,,,,,,0,"160600,74",0,0,0,0,0,0
2026,01/2026,Rio de Janeiro,Santos,TUPI,8-LL-35D-RJS,MAR,FPSO CIDADE DE ANGRA DOS REIS,,,,,,0,"97534,443",0,0,0,0,0,0
2026,01/2026,Rio de Janeiro,Santos,TUPI,8-LL-32D-RJS,MAR,FPSO CIDADE DE MANGARATIBA,,,,,,0,"214762,02",0,0,0,0,0,0
2026,01/2026,Rio de Janeiro,Santos,TUPI,8-LL-38D-RJS,MAR,FPSO CIDADE DE MANGARATIBA,,,,,,0,"131909,94",0,0,0,0,0,0
2026,01/2026,São Paulo,Santos,SAPINHOÁ,8-SPH-21D-SPS,MAR,FPSO CIDADE DE ILHABELA,,,,,,0,"98328,127",0,0,0,0,0,0
2026,01/2026,São Paulo,Santos,SAPINHOÁ,9-BRSA-1037-SPS,MAR,FPSO CIDADE DE ILHABELA,,,,,,0,"177034,448",0,0,0,0,0,0
2026,01/2026,São Paulo,Santos,SAPINHOÁ,8-SPH-9-SPS,MAR,FPSO CIDADE DE ILHABELA,,,,,,0,"137358,653",0,0,0,0,0,0
2026,01/2026,São Paulo,Santos,SAPINHOÁ,8-SPH-24D-SPS,MAR,FPSO CIDADE DE SÃO PAULO,,,,,,0,"127609,424",0,0,0,0,0,0
2026,01/2026,São Paulo,Santos,SAPINHOÁ,8-SPH-19D-SPS,MAR,FPSO CIDADE DE SÃO PAULO,,,,,,0,"137793,033",0,0,0,0,0,0
2026,01/2026,São Paulo,Santos,SAPINHOÁ,8-SPH-12DA-SPS,MAR,FPSO CIDADE DE SÃO PAULO,,,,,,0,"153016,494",0,0,0,0,0,0
2026,01/2026,São Paulo,Santos,SAPINHOÁ,8-SPH-11-SPS,MAR,FPSO CIDADE DE SÃO PAULO,,,,,,0,"98192,681",0,0,0,0,0,0
2026,01/2026,São Paulo,Santos,SAPINHOÁ,8-SPH-10-SPS,MAR,FPSO CIDADE DE ILHABELA,,,,,,0,"147968,461",0,0,0,0,0,0
2026,01/2026,Rio de Janeiro,Santos,BERBIGÃO,8-BBG-3-RJS,MAR,Petrobras 68,,,,,,0,"167434,659",0,0,0,0,0,0
2026,01/2026,Rio de Janeiro,Santos,BERBIGÃO,8-SRR-4D-RJS,MAR,Petrobras 68,,,,,,0,"44695,64",0,0,0,0,0,0
2026,01/2026,Rio de Janeiro,Santos,BÚZIOS,8-BUZ-11A-RJS,MAR,PETROBRAS 77,,,,,,0,"63170,032",0,0,0,0,0,0
2026,01/2026,Rio de Janeiro,Santos,BÚZIOS,8-BUZ-68D-RJS,MAR,Petrobras 76,,,,,,0,"6273,019",0,0,0,0,0,0
2026,01/2026,Rio de Janeiro,Santos,BÚZIOS,8-BUZ-58D-RJS,MAR,FPSO ALMIRANTE TAMANDARE,,,,,,0,"42933,003",0,0,0,0,0,0
2026,01/2026,Rio de Janeiro,Santos,BÚZIOS,8-BUZ-57D-RJS,MAR,FPSO ALMIRANTE BARROSO,,,,,,0,"50333,479",0,0,0,0,0,0
2026,01/2026,Rio de Janeiro,Santos,BÚZIOS,8-BUZ-53D-RJS,MAR,Petrobras 75,,,,,,0,"27193,52",0,0,0,0,0,0
2026,01/2026,Rio de Janeiro,Santos,BÚZIOS,8-BUZ-5-RJS,MAR,Petrobras 74,,,,,,0,"41823,231",0,0,0,0,0,0
2026,01/2026,Rio de Janeiro,Santos,BÚZIOS,8-BUZ-55-RJS,MAR,FPSO ALMIRANTE BARROSO,,,,,,0,"78077,394",0,0,0,0,0,0
2026,01/2026,Rio de Janeiro,Santos,BÚZIOS,8-BUZ-35-RJS,MAR,PETROBRAS 77,,,,,,0,"58367,726",0,0,0,0,0,0
2026,01/2026,Rio de Janeiro,Santos,BÚZIOS,8-BUZ-37D-RJS,MAR,Petrobras 75,,,,,,0,"31903,013",0,0,0,0,0,0
2026,01/2026,Rio de Janeiro,Santos,BÚZIOS,8-BUZ-21D-RJS,MAR,PETROBRAS 77,,,,,,0,"72262,833",0,0,0,0,0,0
2026,01/2026,Rio de Janeiro,Santos,BÚZIOS,7-BUZ-6-RJS,MAR,Petrobras 74,,,,,,0,"45479,608",0,0,0,0,0,0
2026,01/2026,Rio de Janeiro,Santos,BÚZIOS,8-BUZ-26-RJS,MAR,Petrobras 75,,,,,,0,"36341,969",0,0,0,0,0,0
2026,01/2026,Rio de Janeiro,Santos,BÚZIOS,8-BUZ-27D-RJS,MAR,Petrobras 76,,,,,,0,"48317,411",0,0,0,0,0,0
2026,01/2026,Rio de Janeiro,Santos,SUL DE TUPI,8-LL-14D-RJS,MAR,FPSO CIDADE DE PARATY,,,,,,0,"7214,136",0,0,0,0,0,0
2026,01/2026,Rio de Janeiro,Santos,SUL DE TUPI,8-LL-18-RJS,MAR,FPSO CIDADE DE PARATY,,,,,,0,"28809,925",0,0,0,0,0,0
2026,01/2026,Rio de Janeiro,Santos,SUL DE TUPI,8-LL-35D-RJS,MAR,FPSO CIDADE DE ANGRA DOS REIS,,,,,,0,"9222,71",0,0,0,0,0,0
2026,01/2026,Rio de Janeiro,Santos,SUL DE TUPI,8-LL-42D-RJS,MAR,FPSO CIDADE DE MARICÁ,,,,,,0,"3698,977",0,0,0,0,0,0
2026,01/2026,Rio de Janeiro,Santos,SUL DE TUPI,8-LL-5-RJS,MAR,FPSO CIDADE DE MARICÁ,,,,,,0,"6974,886",0,0,0,0,0,0
2026,01/2026,Rio de Janeiro,Santos,SUL DE TUPI,8-LL-50-RJS,MAR,Petrobras 66,,,,,,0,"13097,744",0,0,0,0,0,0
2026,01/2026,Rio de Janeiro,Santos,SUL DE TUPI,8-LL-74-RJS,MAR,Petrobras 66,,,,,,0,"15004,631",0,0,0,0,0,0
2026,01/2026,Rio de Janeiro,Santos,SUL DE TUPI,8-LL-76D-RJS,MAR,Petrobras 67,,,,,,0,"18484,423",0,0,0,0,0,0
2026,01/2026,Rio de Janeiro,Santos,SUL DE TUPI,8-LL-77D-RJS,MAR,Petrobras 69,,,,,,0,"19411,53",0,0,0,0,0,0
2026,01/2026,Rio de Janeiro,Santos,SUL DE TUPI,8-LL-78D-RJS,MAR,FPSO CIDADE DE SAQUAREMA,,,,,,0,"14026,512",0,0,0,0,0,0
2026,01/2026,Rio de Janeiro,Santos,SUL DE TUPI,8-LL-89-RJS,MAR,FPSO CIDADE DE SAQUAREMA,,,,,,0,"8361,049",0,0,0,0,0,0
2026,01/2026,Rio de Janeiro,Santos,SUL DE TUPI,8-LL-118D-RJS,MAR,Petrobras 67,,,,,,0,"17530,064",0,0,0,0,0,0
2026,01/2026,Rio de Janeiro,Santos,SUL DE TUPI,8-LL-116D-RJS,MAR,Petrobras 67,,,,,,0,"14642,663",0,0,0,0,0,0
2026,01/2026,Rio de Janeiro,Santos,SUL DE TUPI,8-LL-49D-RJS,MAR,FPSO CIDADE DE PARATY,,,,,,0,"9311,991",0,0,0,0,0,0
2026,01/2026,Rio de Janeiro,Santos,SUL DE TUPI,8-LL-108D-RJS,MAR,Petrobras 67,,,,,,0,"13153,78",0,0,0,0,0,0
2026,01/2026,Rio de Janeiro,Santos,SUL DE TUPI,8-LL-112-RJS,MAR,Petrobras 66,,,,,,0,"9923,409",0,0,0,0,0,0
2026,01/2026,Rio de Janeiro,Santos,SUL DE TUPI,8-LL-86D-RJS,MAR,FPSO CIDADE DE MARICÁ,,,,,,0,"13667,89",0,0,0,0,0,0
2026,01/2026,Rio de Janeiro,Santos,SUL DE TUPI,8-LL-92-RJS,MAR,Petrobras 66,,,,,,0,"15754,262",0,0,0,0,0,0
2026,01/2026,Rio de Janeiro,Santos,SUL DE TUPI,8-LL-93D-RJS,MAR,Petrobras 66,,,,,,0,"20809,784",0,0,0,0,0,0
2026,01/2026,Rio de Janeiro,Santos,SUL DE TUPI,8-LL-94D-RJS,MAR,FPSO CIDADE DE MARICÁ,,,,,,0,"9376,242",0,0,0,0,0,0
2026,01/2026,Rio de Janeiro,Santos,SUL DE TUPI,8-LL-98D-RJS,MAR,FPSO CIDADE DE SAQUAREMA,,,,,,0,"14678,866",0,0,0,0,0,0
2026,01/2026,Rio de Janeiro,Santos,SUL DE TUPI,8-SLL-1D-RJS,MAR,Petrobras 69,,,,,,0,"16267,563",0,0,0,0,0,0
2026,01/2026,Rio de Janeiro,Santos,SUL DE TUPI,8-SLL-6-RJS,MAR,Petrobras 69,,,,,,0,"4607,728",0,0,0,0,0,0
2026,01/2026,Rio de Janeiro,Santos,SUL DE TUPI,8-LL-88D-RJS,MAR,FPSO CIDADE DE SAQUAREMA,,,,,,0,"9434,811",0,0,0,0,0,0
2026,01/2026,Rio de Janeiro,Santos,SUL DE TUPI,8-TUP-126D-RJS,MAR,FPSO CIDADE DE MARICÁ,,,,,,0,"18749,249",0,0,0,0,0,0
2026,01/2026,Rio de Janeiro,Santos,SUL DE TUPI,7-LL-10-RJS,MAR,FPSO CIDADE DE SAQUAREMA,,,,,,0,"14061,403",0,0,0,0,0,0
2026,01/2026,Rio de Janeiro,Santos,SUL DE TUPI,8-LL-104D-RJS,MAR,FPSO CIDADE DE SAQUAREMA,,,,,,0,"13186,344",0,0,0,0,0,0
2026,01/2026,Rio de Janeiro,Santos,SUL DE TUPI,8-SLL-7-RJS,MAR,Petrobras 69,,,,,,0,"7148,475",0,0,0,0,0,0
2026,01/2026,Rio de Janeiro,Santos,SÉPIA,8-SEP-4D-RJS,MAR,FPSO Carioca,,,,,,0,"32792,648",0,0,0,0,0,0
2026,01/2026,Rio de Janeiro,Santos,ITAPU,9-ITP-2D-RJS,MAR,PETROBRAS 71,,,,,,0,"113129,865",0,0,0,0,0,0
2026,01/2026,Rio de Janeiro,Santos,ITAPU,8-ITP-9D-RJS,MAR,PETROBRAS 71,,,,,,0,"106726,3",0,0,0,0,0,0
2026,01/2026,Rio de Janeiro,Santos,OESTE DE ATAPU,3-BRSA-1243-RJS,MAR,PETROBRAS 70,,,,,,0,"10057,631",0,0,0,0,0,0
2026,01/2026,Rio de Janeiro,Santos,OESTE DE ATAPU,8-ATP-5-RJS,MAR,PETROBRAS 70,,,,,,0,"7949,649",0,0,0,0,0,0
2026,01/2026,Rio de Janeiro,Santos,OESTE DE ATAPU,9-ATP-3-RJS,MAR,PETROBRAS 70,,,,,,0,"9798,88",0,0,0,0,0,0
2026,01/2026,Rio de Janeiro,Santos,ATAPU,3-BRSA-1243-RJS,MAR,PETROBRAS 70,,,,,,0,"19130,88",0,0,0,0,0,0
2026,01/2026,Rio de Janeiro,Santos,ATAPU,8-ATP-5-RJS,MAR,PETROBRAS 70,,,,,,0,"15121,228",0,0,0,0,0,0
2026,01/2026,Rio de Janeiro,Santos,ATAPU,9-ATP-3-RJS,MAR,PETROBRAS 70,,,,,,0,"18638,7",0,0,0,0,0,0
2026,01/2026,Rio de Janeiro,Santos,SÉPIA LESTE,8-SEP-4D-RJS,MAR,FPSO Carioca,,,,,,0,"14383,2",0,0,0,0,0,0
2026,01/2026,Rio de Janeiro,Santos,MERO,8-MRO-8-RJS,MAR,FPSO Guanabara,,,,,,0,"334095,27",0,0,0,0,0,0
2026,01/2026,Rio de Janeiro,Santos,MERO,8-MRO-25D-RJS,MAR,FPSO MARECHAL DUQUE DE CAXIAS,,,,,,0,"336074,76",0,0,0,0,0,0
2026,01/2026,Rio de Janeiro,Santos,MERO,8-MRO-23-RJS,MAR,FPSO MARECHAL DUQUE DE CAXIAS,,,,,,0,"336957,155",0,0,0,0,0,0
2026,01/2026,Rio de Janeiro,Santos,MERO,3-BRSA-1353D-RJS,MAR,FPSO SEPETIBA,,,,,,0,"293671,315",0,0,0,0,0,0
2026,01/2026,Rio de Janeiro,Santos,MERO,8-MRO-13D-RJS,MAR,FPSO Guanabara,,,,,,0,"325170,602",0,0,0,0,0,0
2026,01/2026,Rio de Janeiro,Santos,MERO,3-BRSA-1356D-RJS,MAR,FPSO SEPETIBA,,,,,,0,"330037,408",0,0,0,0,0,0
2026,01/2026,Rio de Janeiro,Santos,MERO,3-BRSA-1342A-RJS,MAR,FPSO Guanabara,,,,,,0,"338073,497",0,0,0,0,0,0
2026,01/2026,Rio de Janeiro,Santos,MERO,8-MRO-21D-RJS,MAR,FPSO SEPETIBA,,,,,,0,"349660,82",0,0,0,0,0,0
2026,01/2026,São Paulo,Santos,SUDOESTE DE SAPINHOÁ,8-SPH-21D-SPS,MAR,FPSO CIDADE DE ILHABELA,,,,,,0,"1412,268",0,0,0,0,0,0
2026,01/2026,São Paulo,Santos,SUDOESTE DE SAPINHOÁ,9-BRSA-1037-SPS,MAR,FPSO CIDADE DE ILHABELA,,,,,,0,"2542,71",0,0,0,0,0,0
2026,01/2026,São Paulo,Santos,SUDOESTE DE SAPINHOÁ,8-SPH-9-SPS,MAR,FPSO CIDADE DE ILHABELA,,,,,,0,"1972,856",0,0,0,0,0,0
2026,01/2026,São Paulo,Santos,SUDOESTE DE SAPINHOÁ,8-SPH-24D-SPS,MAR,FPSO CIDADE DE SÃO PAULO,,,,,,0,"1832,83",0,0,0,0,0,0
2026,01/2026,São Paulo,Santos,SUDOESTE DE SAPINHOÁ,8-SPH-19D-SPS,MAR,FPSO CIDADE DE SÃO PAULO,,,,,,0,"1979,095",0,0,0,0,0,0
2026,01/2026,São Paulo,Santos,SUDOESTE DE SAPINHOÁ,8-SPH-12DA-SPS,MAR,FPSO CIDADE DE SÃO PAULO,,,,,,0,"2197,746",0,0,0,0,0,0
2026,01/2026,São Paulo,Santos,SUDOESTE DE SAPINHOÁ,8-SPH-11-SPS,MAR,FPSO CIDADE DE SÃO PAULO,,,,,,0,"1410,322",0,0,0,0,0,0
2026,01/2026,São Paulo,Santos,SUDOESTE DE SAPINHOÁ,8-SPH-10-SPS,MAR,FPSO CIDADE DE ILHABELA,,,,,,0,"2125,242",0,0,0,0,0,0
2026,01/2026,São Paulo,Santos,NORDESTE DE SAPINHOÁ,8-SPH-21D-SPS,MAR,FPSO CIDADE DE ILHABELA,,,,,,0,"1140,283",0,0,0,0,0,0
2026,01/2026,São Paulo,Santos,NORDESTE DE SAPINHOÁ,9-BRSA-1037-SPS,MAR,FPSO CIDADE DE ILHABELA,,,,,,0,"2053,018",0,0,0,0,0,0
2026,01/2026,São Paulo,Santos,NORDESTE DE SAPINHOÁ,8-SPH-9-SPS,MAR,FPSO CIDADE DE ILHABELA,,,,,,0,"1592,909",0,0,0,0,0,0
2026,01/2026,São Paulo,Santos,NORDESTE DE SAPINHOÁ,8-SPH-24D-SPS,MAR,FPSO CIDADE DE SÃO PAULO,,,,,,0,"1479,85",0,0,0,0,0,0
2026,01/2026,São Paulo,Santos,NORDESTE DE SAPINHOÁ,8-SPH-19D-SPS,MAR,FPSO CIDADE DE SÃO PAULO,,,,,,0,"1597,946",0,0,0,0,0,0
2026,01/2026,São Paulo,Santos,NORDESTE DE SAPINHOÁ,8-SPH-12DA-SPS,MAR,FPSO CIDADE DE SÃO PAULO,,,,,,0,"1774,488",0,0,0,0,0,0
2026,01/2026,São Paulo,Santos,NORDESTE DE SAPINHOÁ,8-SPH-11-SPS,MAR,FPSO CIDADE DE SÃO PAULO,,,,,,0,"1138,711",0,0,0,0,0,0
2026,01/2026,São Paulo,Santos,NORDESTE DE SAPINHOÁ,8-SPH-10-SPS,MAR,FPSO CIDADE DE ILHABELA,,,,,,0,"1715,948",0,0,0,0,0,0
2026,01/2026,São Paulo,Santos,NOROESTE DE SAPINHOÁ,8-SPH-21D-SPS,MAR,FPSO CIDADE DE ILHABELA,,,,,,0,"1755,071",0,0,0,0,0,0
2026,01/2026,São Paulo,Santos,NOROESTE DE SAPINHOÁ,9-BRSA-1037-SPS,MAR,FPSO CIDADE DE ILHABELA,,,,,,0,"3159,91",0,0,0,0,0,0
2026,01/2026,São Paulo,Santos,NOROESTE DE SAPINHOÁ,8-SPH-9-SPS,MAR,FPSO CIDADE DE ILHABELA,,,,,,0,"2451,733",0,0,0,0,0,0
2026,01/2026,São Paulo,Santos,NOROESTE DE SAPINHOÁ,8-SPH-24D-SPS,MAR,FPSO CIDADE DE SÃO PAULO,,,,,,0,"2277,718",0,0,0,0,0,0
2026,01/2026,São Paulo,Santos,NOROESTE DE SAPINHOÁ,8-SPH-19D-SPS,MAR,FPSO CIDADE DE SÃO PAULO,,,,,,0,"2459,487",0,0,0,0,0,0
2026,01/2026,São Paulo,Santos,NOROESTE DE SAPINHOÁ,8-SPH-12DA-SPS,MAR,FPSO CIDADE DE SÃO PAULO,,,,,,0,"2731,211",0,0,0,0,0,0
2026,01/2026,São Paulo,Santos,NOROESTE DE SAPINHOÁ,8-SPH-11-SPS,MAR,FPSO CIDADE DE SÃO PAULO,,,,,,0,"1752,654",0,0,0,0,0,0
2026,01/2026,São Paulo,Santos,NOROESTE DE SAPINHOÁ,8-SPH-10-SPS,MAR,FPSO CIDADE DE ILHABELA,,,,,,0,"2641,108",0,0,0,0,0,0
2026,01/2026,Rio de Janeiro,Santos,AnC_TUPI,8-LL-77D-RJS,MAR,Petrobras 69,,,,,,0,"1887,452",0,0,0,0,0,0
2026,01/2026,Rio de Janeiro,Santos,AnC_TUPI,8-LL-78D-RJS,MAR,FPSO CIDADE DE SAQUAREMA,,,,,,0,"1363,848",0,0,0,0,0,0
2026,01/2026,Rio de Janeiro,Santos,AnC_TUPI,8-LL-86D-RJS,MAR,FPSO CIDADE DE MARICÁ,,,,,,0,"1328,978",0,0,0,0,0,0
2026,01/2026,Rio de Janeiro,Santos,AnC_TUPI,8-LL-88D-RJS,MAR,FPSO CIDADE DE SAQUAREMA,,,,,,0,"917,38",0,0,0,0,0,0
2026,01/2026,Rio de Janeiro,Santos,AnC_TUPI,8-LL-92-RJS,MAR,Petrobras 66,,,,,,0,"1531,843",0,0,0,0,0,0
2026,01/2026,Rio de Janeiro,Santos,AnC_TUPI,8-LL-93D-RJS,MAR,Petrobras 66,,,,,,0,"2023,41",0,0,0,0,0,0
2026,01/2026,Rio de Janeiro,Santos,AnC_TUPI,8-LL-94D-RJS,MAR,FPSO CIDADE DE MARICÁ,,,,,,0,"911,686",0,0,0,0,0,0
2026,01/2026,Rio de Janeiro,Santos,AnC_TUPI,8-LL-98D-RJS,MAR,FPSO CIDADE DE SAQUAREMA,,,,,,0,"1427,279",0,0,0,0,0,0
2026,01/2026,Rio de Janeiro,Santos,AnC_TUPI,8-SLL-1D-RJS,MAR,Petrobras 69,,,,,,0,"1581,753",0,0,0,0,0,0
2026,01/2026,Rio de Janeiro,Santos,AnC_TUPI,8-SLL-6-RJS,MAR,Petrobras 69,,,,,,0,"448,026",0,0,0,0,0,0
2026,01/2026,Rio de Janeiro,Santos,AnC_TUPI,8-SLL-7-RJS,MAR,Petrobras 69,,,,,,0,"695,072",0,0,0,0,0,0
2026,01/2026,Rio de Janeiro,Santos,AnC_TUPI,8-TUP-126D-RJS,MAR,FPSO CIDADE DE MARICÁ,,,,,,0,"1823,056",0,0,0,0,0,0
2026,01/2026,Rio de Janeiro,Santos,AnC_TUPI,8-LL-76D-RJS,MAR,Petrobras 67,,,,,,0,"1797,306",0,0,0,0,0,0
2026,01/2026,Rio de Janeiro,Santos,AnC_TUPI,8-LL-74-RJS,MAR,Petrobras 66,,,,,,0,"1458,954",0,0,0,0,0,0
2026,01/2026,Rio de Janeiro,Santos,AnC_TUPI,8-LL-89-RJS,MAR,FPSO CIDADE DE SAQUAREMA,,,,,,0,"812,975",0,0,0,0,0,0
2026,01/2026,Rio de Janeiro,Santos,AnC_TUPI,8-LL-104D-RJS,MAR,FPSO CIDADE DE SAQUAREMA,,,,,,0,"1282,155",0,0,0,0,0,0
2026,01/2026,Rio de Janeiro,Santos,AnC_TUPI,8-LL-108D-RJS,MAR,Petrobras 67,,,,,,0,"1278,989",0,0,0,0,0,0
2026,01/2026,Rio de Janeiro,Santos,AnC_TUPI,8-LL-112-RJS,MAR,Petrobras 66,,,,,,0,"964,888",0,0,0,0,0,0
2026,01/2026,Rio de Janeiro,Santos,AnC_TUPI,8-LL-116D-RJS,MAR,Petrobras 67,,,,,,0,"1423,758",0,0,0,0,0,0
2026,01/2026,Rio de Janeiro,Santos,AnC_TUPI,8-LL-118D-RJS,MAR,Petrobras 67,,,,,,0,"1704,511",0,0,0,0,0,0
2026,01/2026,Rio de Janeiro,Santos,AnC_TUPI,7-LL-10-RJS,MAR,FPSO CIDADE DE SAQUAREMA,,,,,,0,"1367,24",0,0,0,0,0,0
2026,01/2026,Rio de Janeiro,Santos,AnC_TUPI,8-LL-18-RJS,MAR,FPSO CIDADE DE PARATY,,,,,,0,"2801,293",0,0,0,0,0,0
2026,01/2026,Rio de Janeiro,Santos,AnC_TUPI,8-LL-35D-RJS,MAR,FPSO CIDADE DE ANGRA DOS REIS,,,,,,0,"896,757",0,0,0,0,0,0
2026,01/2026,Rio de Janeiro,Santos,AnC_TUPI,8-LL-42D-RJS,MAR,FPSO CIDADE DE MARICÁ,,,,,,0,"359,665",0,0,0,0,0,0
2026,01/2026,Rio de Janeiro,Santos,AnC_TUPI,8-LL-49D-RJS,MAR,FPSO CIDADE DE PARATY,,,,,,0,"905,438",0,0,0,0,0,0
2026,01/2026,Rio de Janeiro,Santos,AnC_TUPI,8-LL-5-RJS,MAR,FPSO CIDADE DE MARICÁ,,,,,,0,"678,193",0,0,0,0,0,0
2026,01/2026,Rio de Janeiro,Santos,AnC_TUPI,8-LL-50-RJS,MAR,Petrobras 66,,,,,,0,"1273,54",0,0,0,0,0,0
2026,01/2026,Rio de Janeiro,Santos,AnC_TUPI,8-LL-14D-RJS,MAR,FPSO CIDADE DE PARATY,,,,,,0,"701,456",0,0,0,0,0,0
2026,01/2026,Rio de Janeiro,Santos,AnC_NORTE_ATAPU,3-BRSA-1243-RJS,MAR,PETROBRAS 70,,,,,,0,"560,988",0,0,0,0,0,0
2026,01/2026,Rio de Janeiro,Santos,AnC_NORTE_ATAPU,8-ATP-5-RJS,MAR,PETROBRAS 70,,,,,,0,"443,41",0,0,0,0,0,0
2026,01/2026,Rio de Janeiro,Santos,AnC_NORTE_ATAPU,9-ATP-3-RJS,MAR,PETROBRAS 70,,,,,,0,"546,556",0,0,0,0,0,0
2026,01/2026,Rio de Janeiro,Santos,AnC_MERO,8-MRO-8-RJS,MAR,FPSO Guanabara,,,,,,0,"12117,445",0,0,0,0,0,0
2026,01/2026,Rio de Janeiro,Santos,AnC_MERO,8-MRO-25D-RJS,MAR,FPSO MARECHAL DUQUE DE CAXIAS,,,,,,0,"12189,241",0,0,0,0,0,0
2026,01/2026,Rio de Janeiro,Santos,AnC_MERO,8-MRO-23-RJS,MAR,FPSO MARECHAL DUQUE DE CAXIAS,,,,,,0,"12221,245",0,0,0,0,0,0
2026,01/2026,Rio de Janeiro,Santos,AnC_MERO,3-BRSA-1353D-RJS,MAR,FPSO SEPETIBA,,,,,,0,"10651,29",0,0,0,0,0,0
2026,01/2026,Rio de Janeiro,Santos,AnC_MERO,8-MRO-13D-RJS,MAR,FPSO Guanabara,,,,,,0,"11793,75",0,0,0,0,0,0
2026,01/2026,Rio de Janeiro,Santos,AnC_MERO,3-BRSA-1356D-RJS,MAR,FPSO SEPETIBA,,,,,,0,"11970,268",0,0,0,0,0,0
2026,01/2026,Rio de Janeiro,Santos,AnC_MERO,3-BRSA-1342A-RJS,MAR,FPSO Guanabara,,,,,,0,"12261,732",0,0,0,0,0,0
2026,01/2026,Rio de Janeiro,Santos,AnC_MERO,8-MRO-21D-RJS,MAR,FPSO SEPETIBA,,,,,,0,"12681,999",0,0,0,0,0,0
2026,01/2026,Rio de Janeiro,Santos,BÚZIOS_ECO,8-BUZ-11A-RJS,MAR,PETROBRAS 77,,,,,,0,"178670,69",0,0,0,0,0,0
2026,01/2026,Rio de Janeiro,Santos,BÚZIOS_ECO,8-BUZ-68D-RJS,MAR,Petrobras 76,,,,,,0,"17742,665",0,0,0,0,0,0
2026,01/2026,Rio de Janeiro,Santos,BÚZIOS_ECO,8-BUZ-58D-RJS,MAR,FPSO ALMIRANTE TAMANDARE,,,,,,0,"121432,095",0,0,0,0,0,0
2026,01/2026,Rio de Janeiro,Santos,BÚZIOS_ECO,8-BUZ-57D-RJS,MAR,FPSO ALMIRANTE BARROSO,,,,,,0,"142363,668",0,0,0,0,0,0
2026,01/2026,Rio de Janeiro,Santos,BÚZIOS_ECO,8-BUZ-53D-RJS,MAR,Petrobras 75,,,,,,0,"76914,399",0,0,0,0,0,0
2026,01/2026,Rio de Janeiro,Santos,BÚZIOS_ECO,8-BUZ-5-RJS,MAR,Petrobras 74,,,,,,0,"118293,205",0,0,0,0,0,0
2026,01/2026,Rio de Janeiro,Santos,BÚZIOS_ECO,8-BUZ-55-RJS,MAR,FPSO ALMIRANTE BARROSO,,,,,,0,"220834,807",0,0,0,0,0,0
2026,01/2026,Rio de Janeiro,Santos,BÚZIOS_ECO,8-BUZ-35-RJS,MAR,PETROBRAS 77,,,,,,0,"165087,804",0,0,0,0,0,0
2026,01/2026,Rio de Janeiro,Santos,BÚZIOS_ECO,8-BUZ-37D-RJS,MAR,Petrobras 75,,,,,,0,"90234,77",0,0,0,0,0,0
2026,01/2026,Rio de Janeiro,Santos,BÚZIOS_ECO,8-BUZ-21D-RJS,MAR,PETROBRAS 77,,,,,,0,"204388,85",0,0,0,0,0,0
2026,01/2026,Rio de Janeiro,Santos,BÚZIOS_ECO,7-BUZ-6-RJS,MAR,Petrobras 74,,,,,,0,"128634,933",0,0,0,0,0,0
2026,01/2026,Rio de Janeiro,Santos,BÚZIOS_ECO,8-BUZ-26-RJS,MAR,Petrobras 75,,,,,,0,"102789,955",0,0,0,0,0,0
2026,01/2026,Rio de Janeiro,Santos,BÚZIOS_ECO,8-BUZ-27D-RJS,MAR,Petrobras 76,,,,,,0,"136661,401",0,0,0,0,0,0
2026,01/2026,Rio de Janeiro,Santos,ITAPU_ECO,9-ITP-2D-RJS,MAR,PETROBRAS 71,,,,,,0,"105656,135",0,0,0,0,0,0
2026,01/2026,Rio de Janeiro,Santos,ITAPU_ECO,8-ITP-9D-RJS,MAR,PETROBRAS 71,,,,,,0,"99675,611",0,0,0,0,0,0
2026,01/2026,Rio de Janeiro,Santos,ATAPU_ECO,3-BRSA-1243-RJS,MAR,PETROBRAS 70,,,,,,0,"29301,89",0,0,0,0,0,0
2026,01/2026,Rio de Janeiro,Santos,ATAPU_ECO,8-ATP-5-RJS,MAR,PETROBRAS 70,,,,,,0,"23160,492",0,0,0,0,0,0
2026,01/2026,Rio de Janeiro,Santos,ATAPU_ECO,9-ATP-3-RJS,MAR,PETROBRAS 70,,,,,,0,"28548,043",0,0,0,0,0,0
2026,01/2026,Rio de Janeiro,Santos,SÉPIA_ECO,8-SEP-4D-RJS,MAR,FPSO Carioca,,,,,,0,"71979,153",0,0,0,0,0,0
2026,01/2026,Rio de Janeiro,Campos,PITANGOLA,8-PRG-84H-RJS,MAR,PEREGRINO C,,,,,,0,0,0,0,0,0,0,0
2026,01/2026,São Paulo,Santos,LAPA,8-LPA-3-SPS,MAR,FPSO Cidade de Caraguatatuba - CCG (MV-27),,,,,,0,"86189,79",0,0,"0,75",0,0,0
2026,01/2026,Espírito Santo,Campos,ARGONAUTA,8-ARGO-6H-ESS,MAR,FPSO ESPIRITO SANTO,,,,,,0,"25143,248",0,0,0,0,0,0
2026,01/2026,Espírito Santo,Campos,ARGONAUTA,8-ARGO-12H-ESS,MAR,FPSO ESPIRITO SANTO,,,,,,0,"18456,892",0,0,0,0,0,0
2026,01/2026,Espírito Santo,Campos,ARGONAUTA,8-ARGO-11H-ESS,MAR,FPSO ESPIRITO SANTO,,,,,,0,"24890,165",0,0,0,0,0,0
2026,01/2026,Espírito Santo,Campos,ARGONAUTA,8-ARGO-7H-ESS,MAR,FPSO ESPIRITO SANTO,,,,,,0,"12745,04",0,0,0,0,0,0
2026,01/2026,Espírito Santo,Campos,ARGONAUTA,8-NAU-6H-ESS,MAR,FPSO ESPIRITO SANTO,,,,,,0,0,0,0,0,0,0,0
2026,01/2026,Espírito Santo,Campos,ARGONAUTA,8-NAU-5H-ESS,MAR,FPSO ESPIRITO SANTO,,,,,,0,0,0,0,0,0,0,0
2026,01/2026,Rio de Janeiro,Campos,PEREGRINO,8-PRG-30DA-RJS,MAR,PEREGRINO A,,,,,,0,0,"119803,29",0,0,0,0,0
2026,01/2026,Rio de Janeiro,Campos,PEREGRINO,8-PRG-38H-RJS,MAR,PEREGRINO B,,,,,,0,0,"46598,91",0,0,0,0,0
2026,01/2026,Rio de Janeiro,Campos,PEREGRINO,8-PRG-24H-RJS,MAR,PEREGRINO B,,,,,,0,0,"179330,55",0,0,0,0,0
2026,01/2026,Sergipe,Sergipe,TARTARUGA,7-TTG-3D-SES,MAR,Ponto de Coleta de Tartaruga,,,,,,0,0,"548,979",0,0,0,0,0
2026,01/2026,São Paulo,Santos,LAPA,8-LPA-7D-SPS,MAR,FPSO Cidade de Caraguatatuba - CCG (MV-27),,,,,,0,0,0,"18131,993167","0,75",0,0,0
2026,01/2026,Rio de Janeiro,Santos,TAMBUATÁ,8-BUZ-51-RJS,MAR,FPSO ALMIRANTE BARROSO,,,,,,"410,121","17,906",0,"90,9648378","0,45",0,0,0
2026,01/2026,Rio de Janeiro,Santos,TAMBUATÁ,8-BUZ-44-RJS,MAR,FPSO ALMIRANTE BARROSO,,,,,,"189,562","344,958",0,"42,0448516","0,45",0,0,0
2026,01/2026,Rio de Janeiro,Santos,BÚZIOS,8-BUZ-51-RJS,MAR,FPSO ALMIRANTE BARROSO,,,,,,"16597,343","724,634",0,"3681,2906774","0,45",0,0,0
2026,01/2026,Rio de Janeiro,Santos,BÚZIOS,8-BUZ-44-RJS,MAR,FPSO ALMIRANTE BARROSO,,,,,,"7671,469","13960,212",0,"1701,5318242","0,45",0,0,0
2026,01/2026,Rio de Janeiro,Santos,ITAPU,8-ITP-6D-RJS,MAR,PETROBRAS 71,,,,,,"32631,368","4252,461",0,"35,8945048","0,8",0,0,0
2026,01/2026,Rio de Janeiro,Santos,ITAPU,8-ITP-8D-RJS,MAR,PETROBRAS 71,,,,,,"12079,054","70722,686",0,"13,2869594","0,8",0,0,0
2026,01/2026,Rio de Janeiro,Santos,BÚZIOS_ECO,8-BUZ-51-RJS,MAR,FPSO ALMIRANTE BARROSO,,,,,,"46944,075","2049,56",0,"10412,195835","0,45",0,0,0
2026,01/2026,Rio de Janeiro,Santos,BÚZIOS_ECO,8-BUZ-44-RJS,MAR,FPSO ALMIRANTE BARROSO,,,,,,"21698,052","39485,191",0,"4812,6279336","0,45",0,0,0
2026,01/2026,Rio de Janeiro,Santos,ITAPU_ECO,8-ITP-6D-RJS,MAR,PETROBRAS 71,,,,,,"30475,633","3971,529",0,"33,5231963","0,8",0,0,0
2026,01/2026,Rio de Janeiro,Santos,ITAPU_ECO,8-ITP-8D-RJS,MAR,PETROBRAS 71,,,,,,"11281,072","66050,513",0,"12,4091792","0,8",0,0,0
2026,01/2026,São Paulo,Santos,BACALHAU NORTE,8-BAC-2D-SPS,MAR,FPSO BACALHAU,,,,,,"20143,418",0,0,"38,2724942","4,51",0,0,0
2026,01/2026,Rio de Janeiro,Santos,TAMBUATÁ,8-BUZ-56DB-RJS,MAR,FPSO ALMIRANTE BARROSO,,,,,,"51,636",0,0,"11,4528648","0,45",0,0,0
2026,01/2026,Rio de Janeiro,Santos,TAMBUATÁ,8-BUZ-16-RJS,MAR,Petrobras 76,,,,,,"226,079",0,0,"70,6722954","0,37",0,0,0
2026,01/2026,Rio de Janeiro,Santos,TAMBUATÁ,8-BUZ-19D-RJS,MAR,Petrobras 76,,,,,,"258,464",0,0,"80,7958464","0,37",0,0,0
2026,01/2026,Rio de Janeiro,Santos,TUPI,8-LL-52D-RJS,MAR,FPSO CIDADE DE MARICÁ,,,,,,"44238,471",0,0,"15381,7163667","0,51",0,0,0
2026,01/2026,São Paulo,Santos,BACALHAU,8-BAC-2D-SPS,MAR,FPSO BACALHAU,,,,,,"18593,924",0,0,"35,3284556","4,51",0,0,0
2026,01/2026,Rio de Janeiro,Santos,TUPI,8-LL-55D-RJS,MAR,FPSO CIDADE DE ITAGUAÍ,,,,,,"77553,824",0,0,"845,3366816","0,62",0,0,0
2026,01/2026,Rio de Janeiro,Santos,TUPI,8-LL-71D-RJS,MAR,Petrobras 66,,,,,,"63481,063",0,0,"12321,6743283","0,74",0,0,0
2026,01/2026,Rio de Janeiro,Santos,TUPI,8-LL-82D-RJS,MAR,Petrobras 67,,,,,,"529,7",0,0,"133,64331","0,51",0,0,0
2026,01/2026,Rio de Janeiro,Santos,TUPI,9-LL-1D-RJS,MAR,FPSO CIDADE DE ANGRA DOS REIS,,,,,,"24661,999",0,0,"4606,8614132","0,72",0,0,0
2026,01/2026,Rio de Janeiro,Santos,TUPI,9-LL-29D-RJS,MAR,Petrobras 69,,,,,,"83940,919",0,0,"23654,5509742","0,71",0,0,0
2026,01/2026,Rio de Janeiro,Santos,TUPI,8-LL-101D-RJS,MAR,FPSO CIDADE DE SAQUAREMA,,,,,,"60066,283",0,0,"12163,4223075","0,68",0,0,0
2026,01/2026,Rio de Janeiro,Santos,TUPI,8-LL-107-RJS,MAR,Petrobras 67,,,,,,"74011,351",0,0,"18673,0638573","0,51",0,0,0
2026,01/2026,Rio de Janeiro,Santos,TUPI,8-LL-24D-RJS,MAR,FPSO CIDADE DE MANGARATIBA,,,,,,"49692,191",0,0,"536,6756628","0,74",0,0,0
2026,01/2026,Rio de Janeiro,Santos,TUPI,8-LL-26D-RJS,MAR,FPSO CIDADE DE PARATY,,,,,,"54193,736",0,0,"7354,0899752","0,86",0,0,0
2026,01/2026,São Paulo,Santos,SAPINHOÁ,8-SPH-23-SPS,MAR,FPSO CIDADE DE ILHABELA,,,,,,"35362,864",0,0,"16542,7477792","0,52",0,0,0
2026,01/2026,São Paulo,Santos,SAPINHOÁ,9-BRSA-1043-SPS,MAR,FPSO CIDADE DE SÃO PAULO,,,,,,"51207,956",0,0,"19960,8612488","0,62",0,0,0
2026,01/2026,Rio de Janeiro,Santos,BERBIGÃO,8-BBG-4D-RJS,MAR,Petrobras 68,,,,,,"37555,811",0,0,"16783,6919359","0,4",0,0,0
2026,01/2026,Rio de Janeiro,Santos,BÚZIOS,8-BUZ-56DB-RJS,MAR,FPSO ALMIRANTE BARROSO,,,,,,"2089,671",0,0,"463,4890278","0,45",0,0,0
2026,01/2026,Rio de Janeiro,Santos,BÚZIOS,8-BUZ-16-RJS,MAR,Petrobras 76,,,,,,"9149,271",0,0,"2860,0621146","0,37",0,0,0
2026,01/2026,Rio de Janeiro,Santos,BÚZIOS,8-BUZ-19D-RJS,MAR,Petrobras 76,,,,,,"10459,886",0,0,"3269,7603636","0,37",0,0,0
2026,01/2026,Rio de Janeiro,Santos,SUL DE TUPI,8-LL-26D-RJS,MAR,FPSO CIDADE DE PARATY,,,,,,"5124,478",0,0,"695,9041124","0,87",0,0,0
2026,01/2026,Rio de Janeiro,Santos,SUL DE TUPI,8-LL-52D-RJS,MAR,FPSO CIDADE DE MARICÁ,,,,,,"4183,123",0,0,"1454,8901794","0,51",0,0,0
2026,01/2026,Rio de Janeiro,Santos,SUL DE TUPI,8-LL-71D-RJS,MAR,Petrobras 66,,,,,,"6002,674",0,0,"1165,1190234","0,73",0,0,0
2026,01/2026,Rio de Janeiro,Santos,SUL DE TUPI,8-LL-82D-RJS,MAR,Petrobras 67,,,,,,"50,088",0,0,"12,6372024","0,51",0,0,0
2026,01/2026,Rio de Janeiro,Santos,SUL DE TUPI,9-LL-1D-RJS,MAR,FPSO CIDADE DE ANGRA DOS REIS,,,,,,"2332,002",0,0,"435,6179736","0,72",0,0,0
2026,01/2026,Rio de Janeiro,Santos,SUL DE TUPI,9-LL-29D-RJS,MAR,Petrobras 69,,,,,,"7937,327",0,0,"2236,7387486","0,7",0,0,0
2026,01/2026,Rio de Janeiro,Santos,SUL DE TUPI,8-LL-101D-RJS,MAR,FPSO CIDADE DE SAQUAREMA,,,,,,"5679,778",0,0,"1149,5870672","0,68",0,0,0
2026,01/2026,Rio de Janeiro,Santos,SUL DE TUPI,8-LL-107-RJS,MAR,Petrobras 67,,,,,,"6998,402",0,0,"1765,6968246","0,51",0,0,0
2026,01/2026,Rio de Janeiro,Santos,SÉPIA,8-SEP-10-RJS,MAR,FPSO Carioca,,,,,,"12423,514",0,0,"5032,7655214","0,54",0,0,0
2026,01/2026,Rio de Janeiro,Santos,SÉPIA,8-SEP-5D-RJS,MAR,FPSO Carioca,,,,,,"307,911",0,0,"124,7347461","0,54",0,0,0
2026,01/2026,Rio de Janeiro,Santos,SÉPIA,8-SEP-3-RJS,MAR,FPSO Carioca,,,,,,"0,252",0,0,"0,1020096","0,4",0,0,0
2026,01/2026,Rio de Janeiro,Santos,OESTE DE ATAPU,8-OATP-2-RJS,MAR,PETROBRAS 70,,,,,,"3638,962",0,0,"986,8864944","0,46",0,0,0
2026,01/2026,Rio de Janeiro,Santos,OESTE DE ATAPU,8-ATP-7D-RJS,MAR,PETROBRAS 70,,,,,,"4697,702",0,0,"1274,0167824","0,46",0,0,0
2026,01/2026,Rio de Janeiro,Santos,ATAPU,8-OATP-2-RJS,MAR,PETROBRAS 70,,,,,,"6921,763",0,0,"1877,1821256","0,46",0,0,0
2026,01/2026,Rio de Janeiro,Santos,ATAPU,8-ATP-7D-RJS,MAR,PETROBRAS 70,,,,,,"8935,615",0,0,"2423,338788","0,46",0,0,0
2026,01/2026,Rio de Janeiro,Santos,SUL DE BERBIGÃO,8-SBBG-3D-RJS,MAR,Petrobras 68,,,,,,"11302,211",0,0,"5121,0318041","0,43",0,0,0
2026,01/2026,Rio de Janeiro,Santos,SUL DE BERBIGÃO,7-SBBG-2-RJS,MAR,Petrobras 68,,,,,,"36499,253",0,0,"16045,0716188","0,44",0,0,0
2026,01/2026,Rio de Janeiro,Santos,SÉPIA LESTE,8-SEP-10-RJS,MAR,FPSO Carioca,,,,,,"5449,083",0,0,"2207,4235233","0,54",0,0,0
2026,01/2026,Rio de Janeiro,Santos,SÉPIA LESTE,8-SEP-5D-RJS,MAR,FPSO Carioca,,,,,,"135,053",0,0,"54,7099703","0,54",0,0,0
2026,01/2026,Rio de Janeiro,Santos,SÉPIA LESTE,8-SEP-3-RJS,MAR,FPSO Carioca,,,,,,"0,11",0,0,"0,045001",0,0,0,0
2026,01/2026,Rio de Janeiro,Santos,MERO,9-MRO-2A-RJS,MAR,FPSO MARECHAL DUQUE DE CAXIAS,,,,,,"114824,285",0,0,"53083,2669555","0,34",0,0,0
2026,01/2026,Rio de Janeiro,Santos,MERO,8-MRO-4-RJS,MAR,FPSO Guanabara,,,,,,"126334,634",0,0,"58492,935542","0,49",0,0,0
2026,01/2026,Rio de Janeiro,Santos,MERO,8-MRO-39D-RJS,MAR,FPSO Alexandre de Gusmão,,,,,,"121569,356",0,0,"62608,21834","0,43",0,0,0
2026,01/2026,Rio de Janeiro,Santos,MERO,8-MRO-30D-RJS,MAR,FPSO MARECHAL DUQUE DE CAXIAS,,,,,,"121192,171",0,0,"56027,1406533","0,34",0,0,0
2026,01/2026,Rio de Janeiro,Santos,MERO,8-MRO-28D-RJS,MAR,FPSO MARECHAL DUQUE DE CAXIAS,,,,,,"116369,204",0,0,"53797,4830092","0,34",0,0,0
2026,01/2026,Rio de Janeiro,Santos,MERO,8-MRO-26D-RJS,MAR,FPSO SEPETIBA,,,,,,"127511,387",0,0,"58208,9481655","0,31",0,0,0
2026,01/2026,Rio de Janeiro,Santos,MERO,8-MRO-19A-RJS,MAR,FPSO SEPETIBA,,,,,,"89397,562",0,0,"40809,987053","0,31",0,0,0
2026,01/2026,Rio de Janeiro,Santos,MERO,8-MRO-15D-RJS,MAR,FPSO SEPETIBA,,,,,,"127926,265",0,0,"58398,3399725","0,31",0,0,0
2026,01/2026,Rio de Janeiro,Santos,MERO,8-MRO-12A-RJS,MAR,FPSO Guanabara,,,,,,"125211,311",0,0,"57972,836993","0,49",0,0,0
2026,01/2026,Rio de Janeiro,Santos,MERO,8-MRO-11-RJS,MAR,FPSO Guanabara,,,,,,"86503,064",0,0,"40050,918632","0,49",0,0,0
2026,01/2026,Rio de Janeiro,Santos,MERO,9-MRO-5-RJS,MAR,FPSO PIONEIRO DE LIBRA,,,,,,"72814,755",0,0,"32875,8618825","0,39",0,0,0
2026,01/2026,São Paulo,Santos,SUDOESTE DE SAPINHOÁ,8-SPH-23-SPS,MAR,FPSO CIDADE DE ILHABELA,,,,,,"507,91",0,0,"237,549507","0,52",0,0,0
2026,01/2026,São Paulo,Santos,SUDOESTE DE SAPINHOÁ,9-BRSA-1043-SPS,MAR,FPSO CIDADE DE SÃO PAULO,,,,,,"735,49",0,0,"286,694002","0,61",0,0,0
2026,01/2026,São Paulo,Santos,NORDESTE DE SAPINHOÁ,8-SPH-23-SPS,MAR,FPSO CIDADE DE ILHABELA,,,,,,"410,094",0,0,"191,8009638","0,52",0,0,0
2026,01/2026,São Paulo,Santos,NORDESTE DE SAPINHOÁ,9-BRSA-1043-SPS,MAR,FPSO CIDADE DE SÃO PAULO,,,,,,"593,845",0,0,"231,480781","0,61",0,0,0
2026,01/2026,São Paulo,Santos,NOROESTE DE SAPINHOÁ,8-SPH-23-SPS,MAR,FPSO CIDADE DE ILHABELA,,,,,,"631,196",0,0,"295,2103692","0,52",0,0,0
2026,01/2026,São Paulo,Santos,NOROESTE DE SAPINHOÁ,9-BRSA-1043-SPS,MAR,FPSO CIDADE DE SÃO PAULO,,,,,,"914,018",0,0,"356,2842164","0,61",0,0,0
2026,01/2026,Rio de Janeiro,Santos,AnC_TUPI,8-LL-82D-RJS,MAR,Petrobras 67,,,,,,"4,87",0,0,"1,229188","0,51",0,0,0
2026,01/2026,Rio de Janeiro,Santos,AnC_TUPI,9-LL-1D-RJS,MAR,FPSO CIDADE DE ANGRA DOS REIS,,,,,,"226,749",0,0,"42,3567132","0,72",0,0,0
2026,01/2026,Rio de Janeiro,Santos,AnC_TUPI,8-LL-101D-RJS,MAR,FPSO CIDADE DE SAQUAREMA,,,,,,"552,265",0,0,"111,778436","0,68",0,0,0
2026,01/2026,Rio de Janeiro,Santos,AnC_TUPI,8-LL-52D-RJS,MAR,FPSO CIDADE DE MARICÁ,,,,,,"406,74",0,0,"141,464172","0,51",0,0,0
2026,01/2026,Rio de Janeiro,Santos,AnC_TUPI,8-LL-71D-RJS,MAR,Petrobras 66,,,,,,"583,661",0,0,"113,2886001","0,73",0,0,0
2026,01/2026,Rio de Janeiro,Santos,AnC_TUPI,9-LL-29D-RJS,MAR,Petrobras 69,,,,,,"771,775",0,0,"217,486195","0,7",0,0,0
2026,01/2026,Rio de Janeiro,Santos,AnC_TUPI,8-LL-107-RJS,MAR,Petrobras 67,,,,,,"680,48",0,0,"171,685104","0,51",0,0,0
2026,01/2026,Rio de Janeiro,Santos,AnC_TUPI,8-LL-26D-RJS,MAR,FPSO CIDADE DE PARATY,,,,,,"498,271",0,0,"67,6652018","0,86",0,0,0
2026,01/2026,Rio de Janeiro,Santos,AnC_NORTE_ATAPU,8-OATP-2-RJS,MAR,PETROBRAS 70,,,,,,"202,971",0,0,"55,0457352","0,46",0,0,0
2026,01/2026,Rio de Janeiro,Santos,AnC_NORTE_ATAPU,8-ATP-7D-RJS,MAR,PETROBRAS 70,,,,,,"262,026",0,0,"71,0614512","0,46",0,0,0
2026,01/2026,Rio de Janeiro,Santos,AnC_MERO,9-MRO-2A-RJS,MAR,FPSO MARECHAL DUQUE DE CAXIAS,,,,,,"4164,613",0,0,"1925,3005899","0,35",0,0,0
2026,01/2026,Rio de Janeiro,Santos,AnC_MERO,8-MRO-4-RJS,MAR,FPSO Guanabara,,,,,,"4582,087",0,0,"2121,506281","0,5",0,0,0
2026,01/2026,Rio de Janeiro,Santos,AnC_MERO,8-MRO-39D-RJS,MAR,FPSO Alexandre de Gusmão,,,,,,"4409,251",0,0,"2270,764265","0,43",0,0,0
2026,01/2026,Rio de Janeiro,Santos,AnC_MERO,8-MRO-30D-RJS,MAR,FPSO MARECHAL DUQUE DE CAXIAS,,,,,,"4395,572",0,0,"2032,0729356","0,35",0,0,0
2026,01/2026,Rio de Janeiro,Santos,AnC_MERO,8-MRO-28D-RJS,MAR,FPSO MARECHAL DUQUE DE CAXIAS,,,,,,"4220,644",0,0,"1951,2037212","0,35",0,0,0
2026,01/2026,Rio de Janeiro,Santos,AnC_MERO,8-MRO-26D-RJS,MAR,FPSO SEPETIBA,,,,,,"4624,765",0,0,"2111,2052225","0,31",0,0,0
2026,01/2026,Rio de Janeiro,Santos,AnC_MERO,8-MRO-19A-RJS,MAR,FPSO SEPETIBA,,,,,,"3242,399",0,0,"1480,1551435","0,32",0,0,0
2026,01/2026,Rio de Janeiro,Santos,AnC_MERO,8-MRO-15D-RJS,MAR,FPSO SEPETIBA,,,,,,"4639,814",0,0,"2118,075091","0,31",0,0,0
2026,01/2026,Rio de Janeiro,Santos,AnC_MERO,8-MRO-12A-RJS,MAR,FPSO Guanabara,,,,,,"4541,343",0,0,"2102,641809","0,5",0,0,0
2026,01/2026,Rio de Janeiro,Santos,AnC_MERO,8-MRO-11-RJS,MAR,FPSO Guanabara,,,,,,"3137,417",0,0,"1452,624071","0,5",0,0,0
2026,01/2026,Rio de Janeiro,Santos,AnC_MERO,9-MRO-5-RJS,MAR,FPSO PIONEIRO DE LIBRA,,,,,,"2640,95",0,0,"1192,388925","0,38",0,0,0
2026,01/2026,Rio de Janeiro,Santos,BÚZIOS_ECO,8-BUZ-56DB-RJS,MAR,FPSO ALMIRANTE BARROSO,,,,,,"5910,445",0,0,"1310,936701","0,45",0,0,0
2026,01/2026,Rio de Janeiro,Santos,BÚZIOS_ECO,8-BUZ-16-RJS,MAR,Petrobras 76,,,,,,"25877,88",0,0,"8089,425288","0,37",0,0,0
2026,01/2026,Rio de Janeiro,Santos,BÚZIOS_ECO,8-BUZ-19D-RJS,MAR,Petrobras 76,,,,,,"29584,835",0,0,"9248,219421","0,37",0,0,0
2026,01/2026,Rio de Janeiro,Santos,ATAPU_ECO,8-OATP-2-RJS,MAR,PETROBRAS 70,,,,,,"10601,746",0,0,"2875,1935152","0,46",0,0,0
2026,01/2026,Rio de Janeiro,Santos,ATAPU_ECO,8-ATP-7D-RJS,MAR,PETROBRAS 70,,,,,,"13686,272",0,0,"3711,7169664","0,46",0,0,0
2026,01/2026,Rio de Janeiro,Santos,SÉPIA_ECO,8-SEP-10-RJS,MAR,FPSO Carioca,,,,,,"27269,344",0,0,"11046,8112544","0,54",0,0,0
2026,01/2026,Rio de Janeiro,Santos,SÉPIA_ECO,8-SEP-5D-RJS,MAR,FPSO Carioca,,,,,,"675,859",0,0,"273,7904809","0,54",0,0,0
2026,01/2026,Rio de Janeiro,Santos,SÉPIA_ECO,8-SEP-3-RJS,MAR,FPSO Carioca,,,,,,"0,554",0,0,"0,2239822","0,72",0,0,0
2026,01/2026,Rio de Janeiro,Santos,BÚZIOS,8-BUZ-84D-RJS,MAR,FPSO ALMIRANTE TAMANDARE,,,,,,"21497,503",0,0,"5232,4922302","0,32",0,0,0
2026,01/2026,Rio de Janeiro,Santos,BÚZIOS,8-BUZ-82D-RJS,MAR,FPSO ALMIRANTE TAMANDARE,,,,,,"31478,485",0,0,"7661,863249","0,32",0,0,0
2026,01/2026,Rio de Janeiro,Santos,BÚZIOS,8-BUZ-64D-RJS,MAR,FPSO ALMIRANTE TAMANDARE,,,,,,"23033,039",0,0,"5606,2416926","0,32",0,0,0
2026,01/2026,Rio de Janeiro,Santos,BÚZIOS,8-BUZ-38D-RJS,MAR,PETROBRAS 77,,,,,,"18382,108",0,0,"6112,05091","0,5",0,0,0
2026,01/2026,Rio de Janeiro,Santos,BÚZIOS,9-BUZ-2-RJS,MAR,Petrobras 75,,,,,,"18304,364",0,0,"4391,2169236","0,41",0,0,0
2026,01/2026,Rio de Janeiro,Santos,BÚZIOS,8-BUZ-15-RJS,MAR,Petrobras 74,,,,,,"16435,003",0,0,"3766,9026876","0,36",0,0,0
2026,01/2026,Rio de Janeiro,Santos,BÚZIOS,8-BUZ-28DA-RJS,MAR,Petrobras 75,,,,,,"14915,722",0,0,"3578,2817078","0,41",0,0,0
2026,01/2026,Rio de Janeiro,Santos,BÚZIOS,8-BUZ-32DA-RJS,MAR,PETROBRAS 77,,,,,,"9911,084",0,0,"3295,43543","0,5",0,0,0
2026,01/2026,Rio de Janeiro,Santos,BÚZIOS,8-BUZ-22D-RJS,MAR,Petrobras 74,,,,,,"17539,586",0,0,"4020,0731112","0,36",0,0,0
2026,01/2026,Rio de Janeiro,Santos,BÚZIOS_ECO,8-BUZ-84D-RJS,MAR,FPSO ALMIRANTE TAMANDARE,,,,,,"60803,731",0,0,"14799,6281254","0,32",0,0,0
2026,01/2026,Rio de Janeiro,Santos,BÚZIOS_ECO,8-BUZ-82D-RJS,MAR,FPSO ALMIRANTE TAMANDARE,,,,,,"89034,036",0,0,"21670,8843624","0,32",0,0,0
2026,01/2026,Rio de Janeiro,Santos,BÚZIOS_ECO,8-BUZ-64D-RJS,MAR,FPSO ALMIRANTE TAMANDARE,,,,,,"65146,856",0,0,"15856,7447504","0,32",0,0,0
2026,01/2026,Rio de Janeiro,Santos,BÚZIOS_ECO,8-BUZ-38D-RJS,MAR,PETROBRAS 77,,,,,,"51992,121",0,0,"17287,3802325","0,5",0,0,0
2026,01/2026,Rio de Janeiro,Santos,BÚZIOS_ECO,9-BUZ-2-RJS,MAR,Petrobras 75,,,,,,"51772,229",0,0,"12420,1577371","0,41",0,0,0
2026,01/2026,Rio de Janeiro,Santos,BÚZIOS_ECO,8-BUZ-15-RJS,MAR,Petrobras 74,,,,,,"46484,91",0,0,"10654,341372","0,36",0,0,0
2026,01/2026,Rio de Janeiro,Santos,BÚZIOS_ECO,8-BUZ-28DA-RJS,MAR,Petrobras 75,,,,,,"42187,765",0,0,"10120,8448235","0,41",0,0,0
2026,01/2026,Rio de Janeiro,Santos,BÚZIOS_ECO,8-BUZ-32DA-RJS,MAR,PETROBRAS 77,,,,,,"28032,6",0,0,"9320,8395","0,5",0,0,0
2026,01/2026,Rio de Janeiro,Santos,BÚZIOS_ECO,8-BUZ-22D-RJS,MAR,Petrobras 74,,,,,,"49609,123",0,0,"11370,4109916","0,36",0,0,0
2026,01/2026,Rio de Janeiro,Santos,TAMBUATÁ,8-BUZ-84D-RJS,MAR,FPSO ALMIRANTE TAMANDARE,,,,,,"531,204",0,0,"129,2950536","0,32",0,0,0
2026,01/2026,Rio de Janeiro,Santos,TAMBUATÁ,8-BUZ-82D-RJS,MAR,FPSO ALMIRANTE TAMANDARE,,,,,,"777,836",0,0,"189,3252824","0,32",0,0,0
2026,01/2026,Rio de Janeiro,Santos,TAMBUATÁ,8-BUZ-64D-RJS,MAR,FPSO ALMIRANTE TAMANDARE,,,,,,"569,148",0,0,"138,5306232","0,32",0,0,0
2026,01/2026,Rio de Janeiro,Santos,TAMBUATÁ,8-BUZ-38D-RJS,MAR,PETROBRAS 77,,,,,,"454,223",0,0,"151,0291475","0,5",0,0,0
2026,01/2026,Rio de Janeiro,Santos,TAMBUATÁ,9-BUZ-2-RJS,MAR,Petrobras 75,,,,,,"452,302",0,0,"108,5072498","0,41",0,0,0
2026,01/2026,Rio de Janeiro,Santos,TAMBUATÁ,8-BUZ-15-RJS,MAR,Petrobras 74,,,,,,"406,11",0,0,"93,080412","0,36",0,0,0
2026,01/2026,Rio de Janeiro,Santos,TAMBUATÁ,8-BUZ-28DA-RJS,MAR,Petrobras 75,,,,,,"368,568",0,0,"88,4194632","0,41",0,0,0
2026,01/2026,Rio de Janeiro,Santos,TAMBUATÁ,8-BUZ-32DA-RJS,MAR,PETROBRAS 77,,,,,,"244,903",0,0,"81,4302475","0,5",0,0,0
2026,01/2026,Rio de Janeiro,Santos,TAMBUATÁ,8-BUZ-22D-RJS,MAR,Petrobras 74,,,,,,"433,404",0,0,"99,3361968","0,36",0,0,0
2026,01/2026,São Paulo,Santos,BAÚNA,9-BRSA-1016-SPS,MAR,FPSO CIDADE DE ITAJAÍ,,,,,,"6690,356",0,0,"22,7472104","0,81",0,0,0
